Timestamp,Day,Temperature_C,Feels_Like_Temperature_C,Humidity_%,Electricity_Demand_MW,Hour_of_Day,Day_of_Week
2024-01-01 00:00:00,2024-01-01,34.26,34.33,48.29,1839.648,1,0
2024-01-01 01:00:00,2024-01-01,36.52,37.75,43.22,1870.404,2,0
2024-01-01 02:00:00,2024-01-01,33.87,33.68,67.42,1829.5199999999998,3,0
2024-01-01 03:00:00,2024-01-01,36.93,35.18,37.11,1920.924,4,0
2024-01-01 04:00:00,2024-01-01,36.11,37.45,53.48,1814.076,5,0
2024-01-01 05:00:00,2024-01-01,35.68,35.11,55.98,1808.568,6,0
2024-01-01 06:00:00,2024-01-01,36.71,38.47,35.78,1877.6399999999999,7,0
2024-01-01 07:00:00,2024-01-01,33.11,33.37,32.03,1834.068,8,0
2024-01-01 08:00:00,2024-01-01,34.29,35.59,40.08,1823.304,9,0
2024-01-01 09:00:00,2024-01-01,36.28,36.54,71.9,1910.58,10,0
2024-01-01 10:00:00,2024-01-01,34.86,36.34,65.47,1875.6239999999998,11,0
2024-01-01 11:00:00,2024-01-01,33.5,35.39,52.22,1749.3719999999998,12,0
2024-01-01 12:00:00,2024-01-01,35.84,36.94,71.87,1869.7439999999997,13,0
2024-01-01 13:00:00,2024-01-01,34.16,34.71,40.06,1778.556,14,0
2024-01-01 14:00:00,2024-01-01,34.12,33.15,61.71,1809.8999999999999,15,0
2024-01-01 15:00:00,2024-01-01,35.56,33.74,30.2,1848.6239999999998,16,0
2024-01-01 16:00:00,2024-01-01,34.01,35.93,75.15,1822.14,17,0
2024-01-01 17:00:00,2024-01-01,35.02,34.06,57.16,1839.648,18,0
2024-01-01 18:00:00,2024-01-01,33.57,32.57,43.83,1820.8439999999998,19,0
2024-01-01 19:00:00,2024-01-01,36.29,36.15,35.18,1852.2359999999999,20,0
2024-01-01 20:00:00,2024-01-01,33.37,34.51,38.05,1775.376,21,0
2024-01-01 21:00:00,2024-01-01,35.34,33.44,43.54,1812.564,22,0
2024-01-01 22:00:00,2024-01-01,35.83,34.19,72.27,1857.888,23,0
2024-01-01 23:00:00,2024-01-01,34.74,36.3,65.45,1830.744,24,0
2024-01-02 00:00:00,2024-01-02,33.28,33.62,79.2,1848.156,1,1
2024-01-02 01:00:00,2024-01-02,34.39,33.78,52.96,1822.3439999999998,2,1
2024-01-02 02:00:00,2024-01-02,35.37,34.05,56.47,1822.5,3,1
2024-01-02 03:00:00,2024-01-02,35.06,36.03,79.54,1886.088,4,1
2024-01-02 04:00:00,2024-01-02,33.42,35.02,59.27,1799.0040000000001,5,1
2024-01-02 05:00:00,2024-01-02,36.2,38.02,61.3,1842.756,6,1
2024-01-02 06:00:00,2024-01-02,34.51,35.18,58.15,1825.692,7,1
2024-01-02 07:00:00,2024-01-02,35.63,35.21,66.15,1846.704,8,1
2024-01-02 08:00:00,2024-01-02,35.22,35.07,65.28,1852.5479999999998,9,1
2024-01-02 09:00:00,2024-01-02,34.77,34.17,31.55,1884.756,10,1
2024-01-02 10:00:00,2024-01-02,33.93,32.0,59.04,1852.8839999999998,11,1
2024-01-02 11:00:00,2024-01-02,34.69,33.69,46.91,1775.532,12,1
2024-01-02 12:00:00,2024-01-02,32.55,34.5,69.75,1816.2839999999999,13,1
2024-01-02 13:00:00,2024-01-02,34.56,33.43,72.59,1769.076,14,1
2024-01-02 14:00:00,2024-01-02,35.45,35.32,63.56,1794.468,15,1
2024-01-02 15:00:00,2024-01-02,34.1,32.9,69.65,1783.6680000000001,16,1
2024-01-02 16:00:00,2024-01-02,33.5,33.86,43.39,1783.74,17,1
2024-01-02 17:00:00,2024-01-02,34.13,32.78,74.2,1871.4719999999998,18,1
2024-01-02 18:00:00,2024-01-02,32.78,34.55,53.96,1747.2839999999999,19,1
2024-01-02 19:00:00,2024-01-02,35.36,34.38,41.83,1822.0199999999998,20,1
2024-01-02 20:00:00,2024-01-02,34.99,36.74,36.84,1863.204,21,1
2024-01-02 21:00:00,2024-01-02,34.0,32.79,75.93,1828.404,22,1
2024-01-02 22:00:00,2024-01-02,34.89,34.2,75.06,1853.4599999999998,23,1
2024-01-02 23:00:00,2024-01-02,32.93,31.77,59.43,1739.916,24,1
2024-01-03 00:00:00,2024-01-03,34.28,33.01,77.02,1830.1319999999998,1,2
2024-01-03 01:00:00,2024-01-03,31.81,32.33,39.16,1727.5199999999998,2,2
2024-01-03 02:00:00,2024-01-03,32.32,32.4,46.11,1776.228,3,2
2024-01-03 03:00:00,2024-01-03,33.84,32.23,77.03,1798.032,4,2
2024-01-03 04:00:00,2024-01-03,34.92,35.9,67.96,1798.848,5,2
2024-01-03 05:00:00,2024-01-03,34.76,34.77,47.0,1872.9599999999998,6,2
2024-01-03 06:00:00,2024-01-03,35.52,37.27,55.57,1801.776,7,2
2024-01-03 07:00:00,2024-01-03,34.47,34.52,65.91,1799.724,8,2
2024-01-03 08:00:00,2024-01-03,33.75,34.24,38.5,1753.2359999999999,9,2
2024-01-03 09:00:00,2024-01-03,32.32,30.63,47.1,1771.128,10,2
2024-01-03 10:00:00,2024-01-03,35.16,33.73,79.65,1844.5319999999997,11,2
2024-01-03 11:00:00,2024-01-03,33.7,34.89,71.34,1791.3719999999998,12,2
2024-01-03 12:00:00,2024-01-03,32.13,32.26,65.9,1807.164,13,2
2024-01-03 13:00:00,2024-01-03,32.98,32.3,43.4,1809.108,14,2
2024-01-03 14:00:00,2024-01-03,33.13,31.47,67.44,1752.3719999999998,15,2
2024-01-03 15:00:00,2024-01-03,35.46,34.67,44.51,1896.264,16,2
2024-01-03 16:00:00,2024-01-03,35.23,35.66,67.79,1825.7160000000001,17,2
2024-01-03 17:00:00,2024-01-03,31.93,33.81,74.39,1760.88,18,2
2024-01-03 18:00:00,2024-01-03,35.25,37.21,76.17,1816.8719999999998,19,2
2024-01-03 19:00:00,2024-01-03,32.05,32.0,48.49,1742.3999999999999,20,2
2024-01-03 20:00:00,2024-01-03,35.26,33.54,34.02,1775.652,21,2
2024-01-03 21:00:00,2024-01-03,33.77,33.66,34.19,1828.26,22,2
2024-01-03 22:00:00,2024-01-03,33.64,34.56,66.54,1798.2359999999999,23,2
2024-01-03 23:00:00,2024-01-03,31.58,30.82,68.07,1772.8079999999998,24,2
2024-01-04 00:00:00,2024-01-04,30.9,29.35,67.88,1764.072,1,3
2024-01-04 01:00:00,2024-01-04,33.3,34.23,79.83,1767.5040000000001,2,3
2024-01-04 02:00:00,2024-01-04,32.4,32.45,72.02,1732.3680000000002,3,3
2024-01-04 03:00:00,2024-01-04,31.25,31.97,79.23,1709.5800000000002,4,3
2024-01-04 04:00:00,2024-01-04,32.68,33.13,78.28,1752.6,5,3
2024-01-04 05:00:00,2024-01-04,31.32,31.25,39.56,1753.848,6,3
2024-01-04 06:00:00,2024-01-04,31.14,31.22,71.88,1714.6560000000002,7,3
2024-01-04 07:00:00,2024-01-04,31.19,29.32,43.81,1702.2959999999998,8,3
2024-01-04 08:00:00,2024-01-04,33.51,32.63,43.52,1754.652,9,3
2024-01-04 09:00:00,2024-01-04,33.04,32.02,77.41,1831.9199999999998,10,3
2024-01-04 10:00:00,2024-01-04,33.57,31.9,71.69,1806.696,11,3
2024-01-04 11:00:00,2024-01-04,34.57,36.46,76.98,1784.76,12,3
2024-01-04 12:00:00,2024-01-04,33.18,31.84,47.95,1780.032,13,3
2024-01-04 13:00:00,2024-01-04,31.29,31.6,67.33,1755.516,14,3
2024-01-04 14:00:00,2024-01-04,30.98,30.78,36.06,1799.7959999999998,15,3
2024-01-04 15:00:00,2024-01-04,33.36,31.65,49.13,1824.6599999999999,16,3
2024-01-04 16:00:00,2024-01-04,32.7,31.04,39.26,1773.0959999999998,17,3
2024-01-04 17:00:00,2024-01-04,31.57,31.36,35.87,1745.088,18,3
2024-01-04 18:00:00,2024-01-04,33.07,34.06,42.37,1767.636,19,3
2024-01-04 19:00:00,2024-01-04,34.54,33.56,60.69,1857.1079999999997,20,3
2024-01-04 20:00:00,2024-01-04,31.73,32.83,47.13,1769.472,21,3
2024-01-04 21:00:00,2024-01-04,33.48,34.03,42.22,1838.952,22,3
2024-01-04 22:00:00,2024-01-04,33.7,32.91,61.63,1802.1119999999999,23,3
2024-01-04 23:00:00,2024-01-04,32.85,32.71,65.73,1784.484,24,3
2024-01-05 00:00:00,2024-01-05,33.33,32.92,38.57,1844.1,1,4
2024-01-05 01:00:00,2024-01-05,30.81,31.41,59.13,1799.376,2,4
2024-01-05 02:00:00,2024-01-05,30.09,30.88,78.4,1752.288,3,4
2024-01-05 03:00:00,2024-01-05,31.76,30.65,36.44,1747.0800000000002,4,4
2024-01-05 04:00:00,2024-01-05,32.43,32.19,48.58,1760.412,5,4
2024-01-05 05:00:00,2024-01-05,32.65,34.65,66.91,1754.952,6,4
2024-01-05 06:00:00,2024-01-05,30.23,29.86,75.35,1694.556,7,4
2024-01-05 07:00:00,2024-01-05,30.14,29.6,63.43,1794.0959999999998,8,4
2024-01-05 08:00:00,2024-01-05,31.48,29.69,39.16,1769.0040000000001,9,4
2024-01-05 09:00:00,2024-01-05,32.13,33.69,60.36,1835.592,10,4
2024-01-05 10:00:00,2024-01-05,30.38,29.97,45.82,1795.164,11,4
2024-01-05 11:00:00,2024-01-05,32.54,31.14,45.44,1764.636,12,4
2024-01-05 12:00:00,2024-01-05,33.61,32.77,75.08,1783.092,13,4
2024-01-05 13:00:00,2024-01-05,33.92,32.53,57.2,1779.024,14,4
2024-01-05 14:00:00,2024-01-05,33.46,33.3,60.83,1837.692,15,4
2024-01-05 15:00:00,2024-01-05,31.96,30.54,68.26,1762.392,16,4
2024-01-05 16:00:00,2024-01-05,30.68,31.55,64.89,1721.904,17,4
2024-01-05 17:00:00,2024-01-05,31.84,31.43,42.18,1739.2319999999997,18,4
2024-01-05 18:00:00,2024-01-05,32.44,31.0,37.34,1737.36,19,4
2024-01-05 19:00:00,2024-01-05,31.81,31.32,58.84,1724.2199999999998,20,4
2024-01-05 20:00:00,2024-01-05,31.43,31.08,69.8,1733.244,21,4
2024-01-05 21:00:00,2024-01-05,30.97,31.22,76.74,1713.108,22,4
2024-01-05 22:00:00,2024-01-05,32.66,31.02,34.82,1785.684,23,4
2024-01-05 23:00:00,2024-01-05,32.04,32.71,66.48,1727.9759999999999,24,4
2024-01-06 00:00:00,2024-01-06,31.67,29.68,67.99,1431.8688000000002,1,5
2024-01-06 01:00:00,2024-01-06,32.2,30.82,76.32,1395.3024,2,5
2024-01-06 02:00:00,2024-01-06,29.38,30.8,69.1,1357.7088,3,5
2024-01-06 03:00:00,2024-01-06,32.5,32.78,56.98,1437.6000000000001,4,5
2024-01-06 04:00:00,2024-01-06,30.47,29.08,61.28,1440.1536,5,5
2024-01-06 05:00:00,2024-01-06,29.68,30.66,43.78,1367.376,6,5
2024-01-06 06:00:00,2024-01-06,30.13,29.89,37.39,1366.3488,7,5
2024-01-06 07:00:00,2024-01-06,33.34,34.19,67.24,1418.0832,8,5
2024-01-06 08:00:00,2024-01-06,29.78,31.56,50.81,1429.7759999999998,9,5
2024-01-06 09:00:00,2024-01-06,31.45,32.7,58.41,1385.7024000000001,10,5
2024-01-06 10:00:00,2024-01-06,31.62,29.94,49.48,1373.0112,11,5
2024-01-06 11:00:00,2024-01-06,32.37,33.41,30.95,1421.8944000000001,12,5
2024-01-06 12:00:00,2024-01-06,31.85,32.34,73.56,1377.4080000000001,13,5
2024-01-06 13:00:00,2024-01-06,30.49,31.57,72.38,1391.5776,14,5
2024-01-06 14:00:00,2024-01-06,32.98,33.64,66.64,1392.0672,15,5
2024-01-06 15:00:00,2024-01-06,32.33,30.46,45.4,1395.1776,16,5
2024-01-06 16:00:00,2024-01-06,29.99,31.13,75.56,1346.4864,17,5
2024-01-06 17:00:00,2024-01-06,29.66,29.44,31.43,1382.4288,18,5
2024-01-06 18:00:00,2024-01-06,32.49,30.77,53.38,1467.7536,19,5
2024-01-06 19:00:00,2024-01-06,32.54,34.06,66.34,1416.4608,20,5
2024-01-06 20:00:00,2024-01-06,30.04,29.15,52.72,1436.832,21,5
2024-01-06 21:00:00,2024-01-06,32.12,31.25,63.33,1425.3888000000002,22,5
2024-01-06 22:00:00,2024-01-06,31.32,32.46,77.65,1367.7216,23,5
2024-01-06 23:00:00,2024-01-06,30.5,28.6,64.14,1364.4768,24,5
2024-01-07 00:00:00,2024-01-07,29.07,31.05,64.79,1407.5424000000003,1,6
2024-01-07 01:00:00,2024-01-07,29.26,27.62,33.97,1394.5056,2,6
2024-01-07 02:00:00,2024-01-07,30.59,32.03,74.51,1393.5648,3,6
2024-01-07 03:00:00,2024-01-07,31.92,32.32,31.37,1376.9088000000002,4,6
2024-01-07 04:00:00,2024-01-07,31.52,33.21,79.13,1428.7104,5,6
2024-01-07 05:00:00,2024-01-07,32.28,34.03,43.59,1406.3712,6,6
2024-01-07 06:00:00,2024-01-07,30.38,28.6,68.78,1419.7920000000001,7,6
2024-01-07 07:00:00,2024-01-07,31.84,33.02,69.18,1375.1328,8,6
2024-01-07 08:00:00,2024-01-07,29.03,28.68,74.79,1406.64,9,6
2024-01-07 09:00:00,2024-01-07,29.01,29.24,66.3,1357.3536000000001,10,6
2024-01-07 10:00:00,2024-01-07,32.18,30.91,73.54,1413.3696,11,6
2024-01-07 11:00:00,2024-01-07,31.25,30.41,30.32,1374.3744000000002,12,6
2024-01-07 12:00:00,2024-01-07,29.08,29.96,56.09,1373.3568,13,6
2024-01-07 13:00:00,2024-01-07,29.63,27.84,47.42,1400.448,14,6
2024-01-07 14:00:00,2024-01-07,31.09,32.01,44.39,1451.232,15,6
2024-01-07 15:00:00,2024-01-07,31.68,30.29,45.75,1453.056,16,6
2024-01-07 16:00:00,2024-01-07,30.48,30.63,56.27,1425.1008000000002,17,6
2024-01-07 17:00:00,2024-01-07,29.68,31.39,41.55,1340.1408000000001,18,6
2024-01-07 18:00:00,2024-01-07,29.21,29.28,44.14,1410.8448,19,6
2024-01-07 19:00:00,2024-01-07,29.14,30.71,62.93,1374.0384000000001,20,6
2024-01-07 20:00:00,2024-01-07,32.15,33.19,55.05,1425.0624,21,6
2024-01-07 21:00:00,2024-01-07,32.32,32.26,44.32,1452.0672000000002,22,6
2024-01-07 22:00:00,2024-01-07,28.85,28.0,38.6,1342.368,23,6
2024-01-07 23:00:00,2024-01-07,31.62,32.62,46.98,1433.856,24,6
2024-01-08 00:00:00,2024-01-08,30.89,32.36,34.95,1733.4599999999998,1,0
2024-01-08 01:00:00,2024-01-08,31.07,32.05,36.1,1750.836,2,0
2024-01-08 02:00:00,2024-01-08,30.03,31.24,55.77,1789.056,3,0
2024-01-08 03:00:00,2024-01-08,30.28,29.68,38.02,1786.092,4,0
2024-01-08 04:00:00,2024-01-08,28.9,29.45,37.64,1688.952,5,0
2024-01-08 05:00:00,2024-01-08,27.99,26.35,66.19,1727.5800000000002,6,0
2024-01-08 06:00:00,2024-01-08,30.17,28.84,65.13,1722.516,7,0
2024-01-08 07:00:00,2024-01-08,28.35,28.75,47.46,1736.772,8,0
2024-01-08 08:00:00,2024-01-08,30.53,30.09,37.44,1751.316,9,0
2024-01-08 09:00:00,2024-01-08,28.23,28.37,45.88,1729.152,10,0
2024-01-08 10:00:00,2024-01-08,31.1,30.77,71.54,1719.5040000000001,11,0
2024-01-08 11:00:00,2024-01-08,29.25,30.58,66.2,1780.764,12,0
2024-01-08 12:00:00,2024-01-08,28.55,27.17,77.26,1715.136,13,0
2024-01-08 13:00:00,2024-01-08,31.45,30.63,50.12,1759.5959999999998,14,0
2024-01-08 14:00:00,2024-01-08,30.64,28.71,36.96,1751.76,15,0
2024-01-08 15:00:00,2024-01-08,28.75,28.57,54.2,1661.268,16,0
2024-01-08 16:00:00,2024-01-08,30.53,31.66,73.52,1777.5839999999998,17,0
2024-01-08 17:00:00,2024-01-08,31.81,31.19,40.87,1780.2959999999998,18,0
2024-01-08 18:00:00,2024-01-08,29.13,29.37,43.28,1761.7199999999998,19,0
2024-01-08 19:00:00,2024-01-08,29.13,29.44,59.02,1669.14,20,0
2024-01-08 20:00:00,2024-01-08,29.15,28.06,51.7,1775.8680000000002,21,0
2024-01-08 21:00:00,2024-01-08,28.49,30.02,36.78,1691.364,22,0
2024-01-08 22:00:00,2024-01-08,30.06,29.18,74.89,1736.364,23,0
2024-01-08 23:00:00,2024-01-08,31.82,33.15,72.18,1821.408,24,0
2024-01-09 00:00:00,2024-01-09,30.02,29.09,60.8,1761.936,1,1
2024-01-09 01:00:00,2024-01-09,28.06,28.6,41.25,1707.18,2,1
2024-01-09 02:00:00,2024-01-09,29.43,30.64,73.76,1690.548,3,1
2024-01-09 03:00:00,2024-01-09,30.96,29.39,55.36,1763.916,4,1
2024-01-09 04:00:00,2024-01-09,29.48,27.75,67.03,1784.04,5,1
2024-01-09 05:00:00,2024-01-09,29.67,29.71,38.04,1706.1119999999999,6,1
2024-01-09 06:00:00,2024-01-09,30.38,31.5,75.52,1763.304,7,1
2024-01-09 07:00:00,2024-01-09,30.37,29.35,42.39,1709.5079999999998,8,1
2024-01-09 08:00:00,2024-01-09,27.84,27.05,47.19,1702.896,9,1
2024-01-09 09:00:00,2024-01-09,27.97,26.48,36.29,1657.6680000000001,10,1
2024-01-09 10:00:00,2024-01-09,29.55,27.85,63.6,1726.212,11,1
2024-01-09 11:00:00,2024-01-09,27.38,27.37,67.08,1670.616,12,1
2024-01-09 12:00:00,2024-01-09,30.85,30.19,40.11,1729.32,13,1
2024-01-09 13:00:00,2024-01-09,29.53,31.4,71.85,1776.6599999999999,14,1
2024-01-09 14:00:00,2024-01-09,30.29,29.4,49.35,1723.9319999999998,15,1
2024-01-09 15:00:00,2024-01-09,28.27,30.09,67.55,1752.756,16,1
2024-01-09 16:00:00,2024-01-09,27.94,27.9,37.69,1714.788,17,1
2024-01-09 17:00:00,2024-01-09,29.08,28.73,45.28,1670.124,18,1
2024-01-09 18:00:00,2024-01-09,30.22,29.6,66.75,1716.2160000000001,19,1
2024-01-09 19:00:00,2024-01-09,30.62,32.41,44.83,1749.828,20,1
2024-01-09 20:00:00,2024-01-09,27.72,28.31,40.24,1734.3719999999998,21,1
2024-01-09 21:00:00,2024-01-09,29.54,28.89,30.36,1679.904,22,1
2024-01-09 22:00:00,2024-01-09,30.44,29.57,60.58,1786.608,23,1
2024-01-09 23:00:00,2024-01-09,28.76,28.68,75.63,1724.8079999999998,24,1
2024-01-10 00:00:00,2024-01-10,27.11,26.83,47.45,1692.78,1,2
2024-01-10 01:00:00,2024-01-10,26.61,25.98,41.85,1693.56,2,2
2024-01-10 02:00:00,2024-01-10,28.89,30.54,61.67,1767.8999999999999,3,2
2024-01-10 03:00:00,2024-01-10,29.31,29.94,63.05,1699.608,4,2
2024-01-10 04:00:00,2024-01-10,29.99,30.47,55.54,1683.348,5,2
2024-01-10 05:00:00,2024-01-10,26.75,27.33,40.43,1648.8719999999998,6,2
2024-01-10 06:00:00,2024-01-10,28.72,27.25,50.46,1659.0359999999998,7,2
2024-01-10 07:00:00,2024-01-10,27.08,27.33,38.29,1632.312,8,2
2024-01-10 08:00:00,2024-01-10,26.6,26.41,79.44,1625.352,9,2
2024-01-10 09:00:00,2024-01-10,27.45,28.07,60.16,1649.532,10,2
2024-01-10 10:00:00,2024-01-10,27.87,29.06,77.51,1725.564,11,2
2024-01-10 11:00:00,2024-01-10,26.71,28.58,32.84,1636.608,12,2
2024-01-10 12:00:00,2024-01-10,27.21,27.44,63.6,1686.48,13,2
2024-01-10 13:00:00,2024-01-10,28.82,27.59,50.5,1665.204,14,2
2024-01-10 14:00:00,2024-01-10,29.39,27.99,44.31,1786.0800000000002,15,2
2024-01-10 15:00:00,2024-01-10,27.98,26.25,53.12,1672.692,16,2
2024-01-10 16:00:00,2024-01-10,27.59,29.07,72.34,1655.7479999999998,17,2
2024-01-10 17:00:00,2024-01-10,29.0,27.65,48.38,1766.4959999999999,18,2
2024-01-10 18:00:00,2024-01-10,27.32,27.45,75.26,1665.78,19,2
2024-01-10 19:00:00,2024-01-10,30.08,29.93,77.34,1692.1680000000001,20,2
2024-01-10 20:00:00,2024-01-10,28.75,28.35,52.45,1677.588,21,2
2024-01-10 21:00:00,2024-01-10,28.86,29.53,55.36,1711.2479999999998,22,2
2024-01-10 22:00:00,2024-01-10,27.11,27.2,79.24,1719.012,23,2
2024-01-10 23:00:00,2024-01-10,30.16,31.11,48.08,1752.1439999999998,24,2
2024-01-11 00:00:00,2024-01-11,28.48,27.68,45.55,1661.628,1,3
2024-01-11 01:00:00,2024-01-11,26.79,25.1,40.35,1635.1319999999998,2,3
2024-01-11 02:00:00,2024-01-11,25.85,27.0,71.23,1708.056,3,3
2024-01-11 03:00:00,2024-01-11,27.56,28.08,35.13,1709.4479999999999,4,3
2024-01-11 04:00:00,2024-01-11,26.52,28.04,66.35,1632.636,5,3
2024-01-11 05:00:00,2024-01-11,28.73,29.59,67.26,1665.3719999999998,6,3
2024-01-11 06:00:00,2024-01-11,27.11,25.83,72.56,1646.34,7,3
2024-01-11 07:00:00,2024-01-11,28.63,27.94,35.05,1755.24,8,3
2024-01-11 08:00:00,2024-01-11,25.89,24.02,74.78,1710.0,9,3
2024-01-11 09:00:00,2024-01-11,26.11,24.27,70.37,1685.2079999999999,10,3
2024-01-11 10:00:00,2024-01-11,28.42,28.76,48.55,1701.228,11,3
2024-01-11 11:00:00,2024-01-11,29.64,28.86,48.98,1707.4199999999998,12,3
2024-01-11 12:00:00,2024-01-11,26.52,26.23,35.27,1700.676,13,3
2024-01-11 13:00:00,2024-01-11,29.03,29.36,37.89,1746.36,14,3
2024-01-11 14:00:00,2024-01-11,26.56,27.94,51.28,1699.74,15,3
2024-01-11 15:00:00,2024-01-11,27.78,27.31,61.32,1702.608,16,3
2024-01-11 16:00:00,2024-01-11,29.21,28.18,76.17,1721.616,17,3
2024-01-11 17:00:00,2024-01-11,25.93,25.74,36.19,1680.7079999999999,18,3
2024-01-11 18:00:00,2024-01-11,29.44,29.95,58.27,1696.3319999999999,19,3
2024-01-11 19:00:00,2024-01-11,29.25,29.77,52.86,1764.24,20,3
2024-01-11 20:00:00,2024-01-11,29.15,30.51,72.8,1666.704,21,3
2024-01-11 21:00:00,2024-01-11,27.16,26.48,41.15,1730.7959999999998,22,3
2024-01-11 22:00:00,2024-01-11,26.65,28.54,65.57,1631.82,23,3
2024-01-11 23:00:00,2024-01-11,26.99,27.93,60.91,1632.9479999999999,24,3
2024-01-12 00:00:00,2024-01-12,26.45,25.49,61.76,1648.416,1,4
2024-01-12 01:00:00,2024-01-12,25.9,24.04,60.95,1622.856,2,4
2024-01-12 02:00:00,2024-01-12,26.84,24.98,63.15,1732.152,3,4
2024-01-12 03:00:00,2024-01-12,26.61,26.26,47.85,1628.616,4,4
2024-01-12 04:00:00,2024-01-12,26.57,25.55,49.92,1700.94,5,4
2024-01-12 05:00:00,2024-01-12,28.5,27.21,42.56,1744.356,6,4
2024-01-12 06:00:00,2024-01-12,25.76,25.98,75.3,1662.0839999999998,7,4
2024-01-12 07:00:00,2024-01-12,27.17,27.05,79.03,1659.5040000000001,8,4
2024-01-12 08:00:00,2024-01-12,26.73,27.16,65.45,1627.752,9,4
2024-01-12 09:00:00,2024-01-12,25.2,24.18,65.81,1657.3680000000002,10,4
2024-01-12 10:00:00,2024-01-12,27.51,27.29,47.38,1687.6560000000002,11,4
2024-01-12 11:00:00,2024-01-12,25.45,24.69,30.37,1674.3839999999998,12,4
2024-01-12 12:00:00,2024-01-12,26.23,24.52,38.76,1689.876,13,4
2024-01-12 13:00:00,2024-01-12,27.16,26.64,60.55,1666.3680000000002,14,4
2024-01-12 14:00:00,2024-01-12,27.64,28.32,62.16,1696.3680000000002,15,4
2024-01-12 15:00:00,2024-01-12,28.29,27.73,77.2,1757.424,16,4
2024-01-12 16:00:00,2024-01-12,26.45,28.43,67.34,1708.908,17,4
2024-01-12 17:00:00,2024-01-12,28.67,29.0,37.64,1721.7959999999998,18,4
2024-01-12 18:00:00,2024-01-12,27.84,26.99,50.92,1760.532,19,4
2024-01-12 19:00:00,2024-01-12,26.09,25.36,70.16,1645.5,20,4
2024-01-12 20:00:00,2024-01-12,27.6,28.87,70.07,1658.184,21,4
2024-01-12 21:00:00,2024-01-12,25.52,27.29,46.31,1627.608,22,4
2024-01-12 22:00:00,2024-01-12,25.7,25.38,58.94,1679.064,23,4
2024-01-12 23:00:00,2024-01-12,25.69,24.16,35.32,1683.888,24,4
2024-01-13 00:00:00,2024-01-13,26.63,26.7,66.98,1338.5375999999999,1,5
2024-01-13 01:00:00,2024-01-13,24.69,26.01,46.75,1309.4304000000002,2,5
2024-01-13 02:00:00,2024-01-13,24.54,22.65,62.08,1310.784,3,5
2024-01-13 03:00:00,2024-01-13,25.52,26.04,75.17,1338.576,4,5
2024-01-13 04:00:00,2024-01-13,24.44,25.21,30.5,1319.6352000000002,5,5
2024-01-13 05:00:00,2024-01-13,24.37,25.97,45.64,1273.7184,6,5
2024-01-13 06:00:00,2024-01-13,25.08,25.37,60.0,1312.2048000000002,7,5
2024-01-13 07:00:00,2024-01-13,25.0,26.46,79.25,1341.0720000000001,8,5
2024-01-13 08:00:00,2024-01-13,25.99,25.28,78.15,1291.1328,9,5
2024-01-13 09:00:00,2024-01-13,26.34,26.89,75.96,1327.248,10,5
2024-01-13 10:00:00,2024-01-13,28.02,29.52,39.57,1344.1824000000001,11,5
2024-01-13 11:00:00,2024-01-13,25.05,24.58,54.07,1346.832,12,5
2024-01-13 12:00:00,2024-01-13,27.71,28.43,72.64,1331.5392000000002,13,5
2024-01-13 13:00:00,2024-01-13,24.51,25.31,68.1,1347.2736000000002,14,5
2024-01-13 14:00:00,2024-01-13,24.96,24.69,79.91,1309.056,15,5
2024-01-13 15:00:00,2024-01-13,27.75,26.85,52.36,1324.9248000000002,16,5
2024-01-13 16:00:00,2024-01-13,24.28,23.59,36.07,1350.1248000000003,17,5
2024-01-13 17:00:00,2024-01-13,27.79,29.55,31.28,1361.616,18,5
2024-01-13 18:00:00,2024-01-13,24.36,25.62,72.81,1353.4751999999999,19,5
2024-01-13 19:00:00,2024-01-13,25.19,26.02,78.81,1362.9984,20,5
2024-01-13 20:00:00,2024-01-13,27.82,28.17,56.16,1366.9920000000002,21,5
2024-01-13 21:00:00,2024-01-13,27.07,25.1,34.43,1319.9616,22,5
2024-01-13 22:00:00,2024-01-13,27.01,27.17,45.04,1360.2816000000003,23,5
2024-01-13 23:00:00,2024-01-13,24.89,26.64,60.82,1304.448,24,5
2024-01-14 00:00:00,2024-01-14,26.36,26.95,55.66,1322.16,1,6
2024-01-14 01:00:00,2024-01-14,26.46,25.09,72.34,1355.0496,2,6
2024-01-14 02:00:00,2024-01-14,24.22,25.72,79.77,1291.5744000000002,3,6
2024-01-14 03:00:00,2024-01-14,24.14,22.6,34.87,1292.4672,4,6
2024-01-14 04:00:00,2024-01-14,27.46,29.34,65.33,1319.2896,5,6
2024-01-14 05:00:00,2024-01-14,25.65,23.98,47.86,1297.92,6,6
2024-01-14 06:00:00,2024-01-14,27.29,26.37,32.81,1316.5632,7,6
2024-01-14 07:00:00,2024-01-14,24.28,25.79,63.01,1356.1824000000001,8,6
2024-01-14 08:00:00,2024-01-14,24.73,26.16,75.37,1334.0256,9,6
2024-01-14 09:00:00,2024-01-14,27.35,28.19,48.54,1375.8432000000003,10,6
2024-01-14 10:00:00,2024-01-14,24.6,25.88,68.2,1299.3696,11,6
2024-01-14 11:00:00,2024-01-14,26.63,26.36,30.42,1309.2287999999999,12,6
2024-01-14 12:00:00,2024-01-14,27.35,28.24,53.61,1384.3872000000001,13,6
2024-01-14 13:00:00,2024-01-14,27.39,26.8,52.53,1368.8832000000002,14,6
2024-01-14 14:00:00,2024-01-14,26.2,26.55,51.56,1332.336,15,6
2024-01-14 15:00:00,2024-01-14,24.11,23.72,79.42,1288.5120000000002,16,6
2024-01-14 16:00:00,2024-01-14,25.49,24.15,77.68,1371.1008000000002,17,6
2024-01-14 17:00:00,2024-01-14,23.49,23.6,38.67,1297.1040000000003,18,6
2024-01-14 18:00:00,2024-01-14,27.23,27.03,57.99,1371.1200000000001,19,6
2024-01-14 19:00:00,2024-01-14,23.7,25.13,60.13,1348.8192,20,6
2024-01-14 20:00:00,2024-01-14,26.5,27.12,56.56,1296.672,21,6
2024-01-14 21:00:00,2024-01-14,26.15,25.76,70.6,1371.168,22,6
2024-01-14 22:00:00,2024-01-14,23.86,21.89,69.12,1288.4256,23,6
2024-01-14 23:00:00,2024-01-14,27.25,28.12,52.0,1338.1728,24,6
2024-01-15 00:00:00,2024-01-15,26.05,25.51,73.15,1677.4439999999997,1,0
2024-01-15 01:00:00,2024-01-15,23.73,24.75,62.06,1597.356,2,0
2024-01-15 02:00:00,2024-01-15,25.14,23.51,76.08,1678.116,3,0
2024-01-15 03:00:00,2024-01-15,23.15,25.14,54.23,1638.5040000000001,4,0
2024-01-15 04:00:00,2024-01-15,25.4,25.8,62.38,1671.6599999999999,5,0
2024-01-15 05:00:00,2024-01-15,25.35,26.94,78.28,1691.916,6,0
2024-01-15 06:00:00,2024-01-15,25.92,27.73,40.56,1719.624,7,0
2024-01-15 07:00:00,2024-01-15,26.2,25.14,65.68,1727.772,8,0
2024-01-15 08:00:00,2024-01-15,23.13,24.12,57.48,1594.3319999999999,9,0
2024-01-15 09:00:00,2024-01-15,26.75,28.17,79.64,1629.336,10,0
2024-01-15 10:00:00,2024-01-15,25.46,24.64,50.19,1610.592,11,0
2024-01-15 11:00:00,2024-01-15,25.18,26.89,75.39,1657.5,12,0
2024-01-15 12:00:00,2024-01-15,24.46,24.54,55.8,1641.396,13,0
2024-01-15 13:00:00,2024-01-15,23.23,23.52,62.95,1584.1680000000001,14,0
2024-01-15 14:00:00,2024-01-15,24.24,23.26,66.67,1686.48,15,0
2024-01-15 15:00:00,2024-01-15,25.46,26.73,65.54,1628.6879999999999,16,0
2024-01-15 16:00:00,2024-01-15,25.35,26.32,69.27,1658.04,17,0
2024-01-15 17:00:00,2024-01-15,23.57,23.31,44.71,1613.904,18,0
2024-01-15 18:00:00,2024-01-15,24.55,22.84,41.26,1688.7479999999998,19,0
2024-01-15 19:00:00,2024-01-15,23.41,23.92,68.24,1623.624,20,0
2024-01-15 20:00:00,2024-01-15,25.77,27.46,43.72,1684.2359999999999,21,0
2024-01-15 21:00:00,2024-01-15,26.24,25.15,61.31,1660.8,22,0
2024-01-15 22:00:00,2024-01-15,24.17,24.57,49.56,1630.356,23,0
2024-01-15 23:00:00,2024-01-15,23.68,22.73,59.32,1641.588,24,0
2024-01-16 00:00:00,2024-01-16,23.0,21.87,73.87,1657.092,1,1
2024-01-16 01:00:00,2024-01-16,22.5,22.72,45.26,1634.8319999999999,2,1
2024-01-16 02:00:00,2024-01-16,25.56,26.37,48.13,1713.048,3,1
2024-01-16 03:00:00,2024-01-16,23.49,24.04,65.42,1607.8079999999998,4,1
2024-01-16 04:00:00,2024-01-16,22.81,24.24,36.91,1620.408,5,1
2024-01-16 05:00:00,2024-01-16,22.62,21.83,42.86,1636.5359999999998,6,1
2024-01-16 06:00:00,2024-01-16,25.17,25.18,59.04,1629.6,7,1
2024-01-16 07:00:00,2024-01-16,24.05,25.79,72.51,1660.9439999999997,8,1
2024-01-16 08:00:00,2024-01-16,22.53,24.02,66.63,1657.9199999999998,9,1
2024-01-16 09:00:00,2024-01-16,23.49,24.56,64.29,1668.756,10,1
2024-01-16 10:00:00,2024-01-16,23.84,25.59,73.74,1619.184,11,1
2024-01-16 11:00:00,2024-01-16,23.66,24.05,35.46,1654.116,12,1
2024-01-16 12:00:00,2024-01-16,25.04,25.74,44.18,1672.6680000000001,13,1
2024-01-16 13:00:00,2024-01-16,22.43,20.88,76.09,1626.3719999999998,14,1
2024-01-16 14:00:00,2024-01-16,22.54,22.32,70.82,1596.276,15,1
2024-01-16 15:00:00,2024-01-16,22.66,23.51,60.3,1551.744,16,1
2024-01-16 16:00:00,2024-01-16,23.35,21.73,33.69,1657.74,17,1
2024-01-16 17:00:00,2024-01-16,22.49,22.53,41.22,1576.14,18,1
2024-01-16 18:00:00,2024-01-16,22.66,24.21,60.36,1641.756,19,1
2024-01-16 19:00:00,2024-01-16,22.24,23.11,33.81,1644.54,20,1
2024-01-16 20:00:00,2024-01-16,24.16,24.59,37.79,1634.0040000000001,21,1
2024-01-16 21:00:00,2024-01-16,25.37,25.1,43.38,1604.088,22,1
2024-01-16 22:00:00,2024-01-16,22.64,22.14,38.93,1652.4959999999999,23,1
2024-01-16 23:00:00,2024-01-16,24.66,25.14,38.54,1595.9759999999999,24,1
2024-01-17 00:00:00,2024-01-17,24.57,23.17,52.66,1642.5959999999998,1,2
2024-01-17 01:00:00,2024-01-17,22.88,24.52,79.49,1658.532,2,2
2024-01-17 02:00:00,2024-01-17,23.38,24.83,32.83,1677.24,3,2
2024-01-17 03:00:00,2024-01-17,23.19,23.5,36.43,1574.964,4,2
2024-01-17 04:00:00,2024-01-17,24.06,23.7,45.38,1602.4560000000001,5,2
2024-01-17 05:00:00,2024-01-17,21.44,21.6,54.9,1625.964,6,2
2024-01-17 06:00:00,2024-01-17,22.78,22.97,78.57,1625.184,7,2
2024-01-17 07:00:00,2024-01-17,23.5,22.73,45.88,1650.3839999999998,8,2
2024-01-17 08:00:00,2024-01-17,21.82,23.12,57.84,1601.2079999999999,9,2
2024-01-17 09:00:00,2024-01-17,22.15,23.76,64.71,1561.6439999999998,10,2
2024-01-17 10:00:00,2024-01-17,23.3,22.65,39.66,1610.568,11,2
2024-01-17 11:00:00,2024-01-17,25.01,26.94,68.58,1614.072,12,2
2024-01-17 12:00:00,2024-01-17,23.6,25.0,66.16,1654.032,13,2
2024-01-17 13:00:00,2024-01-17,22.69,24.59,71.1,1550.8319999999999,14,2
2024-01-17 14:00:00,2024-01-17,22.72,23.31,46.7,1581.108,15,2
2024-01-17 15:00:00,2024-01-17,24.6,22.67,69.69,1689.552,16,2
2024-01-17 16:00:00,2024-01-17,24.43,22.83,62.22,1683.5040000000001,17,2
2024-01-17 17:00:00,2024-01-17,24.61,24.5,66.86,1659.396,18,2
2024-01-17 18:00:00,2024-01-17,24.87,26.03,49.88,1598.064,19,2
2024-01-17 19:00:00,2024-01-17,22.39,20.67,59.97,1652.94,20,2
2024-01-17 20:00:00,2024-01-17,23.48,21.48,52.75,1570.104,21,2
2024-01-17 21:00:00,2024-01-17,24.69,23.43,70.37,1679.5079999999998,22,2
2024-01-17 22:00:00,2024-01-17,24.78,24.93,40.8,1655.256,23,2
2024-01-17 23:00:00,2024-01-17,22.05,20.68,68.71,1552.056,24,2
2024-01-18 00:00:00,2024-01-18,21.84,22.76,39.76,1641.912,1,3
2024-01-18 01:00:00,2024-01-18,20.84,19.66,35.02,1579.548,2,3
2024-01-18 02:00:00,2024-01-18,22.37,23.42,74.36,1557.78,3,3
2024-01-18 03:00:00,2024-01-18,23.82,24.29,65.78,1569.348,4,3
2024-01-18 04:00:00,2024-01-18,22.95,24.4,55.02,1654.3319999999999,5,3
2024-01-18 05:00:00,2024-01-18,21.78,23.08,45.37,1593.972,6,3
2024-01-18 06:00:00,2024-01-18,22.45,22.95,67.7,1597.5359999999998,7,3
2024-01-18 07:00:00,2024-01-18,21.55,20.14,58.19,1638.876,8,3
2024-01-18 08:00:00,2024-01-18,21.14,22.48,38.1,1615.5959999999998,9,3
2024-01-18 09:00:00,2024-01-18,23.1,23.2,73.22,1614.984,10,3
2024-01-18 10:00:00,2024-01-18,22.49,22.27,50.22,1582.68,11,3
2024-01-18 11:00:00,2024-01-18,21.18,19.28,70.66,1595.04,12,3
2024-01-18 12:00:00,2024-01-18,24.27,22.57,75.77,1690.6319999999998,13,3
2024-01-18 13:00:00,2024-01-18,20.63,19.43,50.99,1623.864,14,3
2024-01-18 14:00:00,2024-01-18,23.16,24.57,77.73,1661.604,15,3
2024-01-18 15:00:00,2024-01-18,21.03,21.12,70.51,1523.64,16,3
2024-01-18 16:00:00,2024-01-18,22.11,21.89,57.16,1549.44,17,3
2024-01-18 17:00:00,2024-01-18,21.16,22.86,71.69,1556.592,18,3
2024-01-18 18:00:00,2024-01-18,24.11,25.28,39.75,1612.356,19,3
2024-01-18 19:00:00,2024-01-18,23.22,21.43,57.41,1600.0079999999998,20,3
2024-01-18 20:00:00,2024-01-18,21.03,20.73,68.59,1550.412,21,3
2024-01-18 21:00:00,2024-01-18,22.99,22.99,54.56,1610.484,22,3
2024-01-18 22:00:00,2024-01-18,23.17,24.75,74.69,1652.196,23,3
2024-01-18 23:00:00,2024-01-18,21.23,23.13,50.74,1626.1319999999998,24,3
2024-01-19 00:00:00,2024-01-19,22.52,21.7,71.03,1638.9959999999999,1,4
2024-01-19 01:00:00,2024-01-19,20.49,20.89,74.95,1616.5199999999998,2,4
2024-01-19 02:00:00,2024-01-19,22.53,21.35,73.21,1561.848,3,4
2024-01-19 03:00:00,2024-01-19,21.1,21.65,64.4,1623.756,4,4
2024-01-19 04:00:00,2024-01-19,20.16,21.07,75.52,1601.28,5,4
2024-01-19 05:00:00,2024-01-19,22.09,22.93,78.42,1574.904,6,4
2024-01-19 06:00:00,2024-01-19,21.92,20.76,41.64,1612.8,7,4
2024-01-19 07:00:00,2024-01-19,22.27,20.68,35.9,1544.28,8,4
2024-01-19 08:00:00,2024-01-19,23.81,23.84,36.04,1685.352,9,4
2024-01-19 09:00:00,2024-01-19,20.39,20.76,33.7,1563.7079999999999,10,4
2024-01-19 10:00:00,2024-01-19,21.43,21.05,58.1,1625.652,11,4
2024-01-19 11:00:00,2024-01-19,21.37,22.21,69.48,1579.1879999999999,12,4
2024-01-19 12:00:00,2024-01-19,23.39,23.15,65.75,1572.1319999999998,13,4
2024-01-19 13:00:00,2024-01-19,23.1,21.39,48.33,1604.64,14,4
2024-01-19 14:00:00,2024-01-19,20.35,19.63,40.32,1539.864,15,4
2024-01-19 15:00:00,2024-01-19,22.7,24.63,49.57,1599.048,16,4
2024-01-19 16:00:00,2024-01-19,20.42,18.67,31.24,1584.804,17,4
2024-01-19 17:00:00,2024-01-19,23.05,24.31,79.73,1563.816,18,4
2024-01-19 18:00:00,2024-01-19,21.18,22.42,33.6,1584.6,19,4
2024-01-19 19:00:00,2024-01-19,23.32,23.16,30.27,1616.5439999999999,20,4
2024-01-19 20:00:00,2024-01-19,22.78,23.16,60.27,1562.94,21,4
2024-01-19 21:00:00,2024-01-19,21.62,20.98,55.51,1600.9560000000001,22,4
2024-01-19 22:00:00,2024-01-19,22.66,21.33,37.49,1627.3439999999998,23,4
2024-01-19 23:00:00,2024-01-19,21.1,22.55,44.37,1538.628,24,4
2024-01-20 00:00:00,2024-01-20,19.86,20.76,51.6,1215.3792,1,5
2024-01-20 01:00:00,2024-01-20,21.07,21.4,32.39,1249.7664000000002,2,5
2024-01-20 02:00:00,2024-01-20,21.21,19.21,59.77,1271.6736,3,5
2024-01-20 03:00:00,2024-01-20,19.71,18.2,40.41,1199.6928,4,5
2024-01-20 04:00:00,2024-01-20,21.85,21.75,34.47,1245.3984,5,5
2024-01-20 05:00:00,2024-01-20,20.07,22.01,37.12,1244.0544,6,5
2024-01-20 06:00:00,2024-01-20,22.63,22.83,61.97,1324.4928,7,5
2024-01-20 07:00:00,2024-01-20,19.35,18.16,70.95,1272.0576,8,5
2024-01-20 08:00:00,2024-01-20,22.31,22.25,55.98,1310.0544,9,5
2024-01-20 09:00:00,2024-01-20,19.68,19.98,51.09,1224.7392,10,5
2024-01-20 10:00:00,2024-01-20,20.73,18.83,67.98,1249.2287999999999,11,5
2024-01-20 11:00:00,2024-01-20,22.05,20.79,67.55,1302.6432000000002,12,5
2024-01-20 12:00:00,2024-01-20,22.7,23.42,76.84,1298.3328000000001,13,5
2024-01-20 13:00:00,2024-01-20,19.46,18.37,38.28,1241.4528,14,5
2024-01-20 14:00:00,2024-01-20,21.71,21.87,47.23,1303.3248000000003,15,5
2024-01-20 15:00:00,2024-01-20,20.96,22.15,33.23,1296.0384000000001,16,5
2024-01-20 16:00:00,2024-01-20,20.46,21.98,79.17,1290.9408,17,5
2024-01-20 17:00:00,2024-01-20,22.97,22.1,48.39,1245.3792,18,5
2024-01-20 18:00:00,2024-01-20,20.3,22.09,73.57,1271.0496,19,5
2024-01-20 19:00:00,2024-01-20,21.78,21.44,49.54,1256.496,20,5
2024-01-20 20:00:00,2024-01-20,21.13,23.06,72.19,1262.9184,21,5
2024-01-20 21:00:00,2024-01-20,20.56,22.37,55.13,1220.7071999999998,22,5
2024-01-20 22:00:00,2024-01-20,20.39,20.73,55.23,1241.4816,23,5
2024-01-20 23:00:00,2024-01-20,19.5,20.72,59.13,1200.1055999999999,24,5
2024-01-21 00:00:00,2024-01-21,18.83,19.31,31.64,1275.5136000000002,1,6
2024-01-21 01:00:00,2024-01-21,20.38,18.59,36.26,1255.584,2,6
2024-01-21 02:00:00,2024-01-21,21.89,22.6,43.62,1242.7776000000001,3,6
2024-01-21 03:00:00,2024-01-21,20.26,20.33,37.89,1295.2128000000002,4,6
2024-01-21 04:00:00,2024-01-21,18.47,17.85,64.41,1181.9904000000001,5,6
2024-01-21 05:00:00,2024-01-21,20.17,19.01,52.29,1274.0064,6,6
2024-01-21 06:00:00,2024-01-21,20.97,22.59,64.7,1288.6944000000003,7,6
2024-01-21 07:00:00,2024-01-21,20.95,22.07,63.31,1275.7440000000001,8,6
2024-01-21 08:00:00,2024-01-21,21.76,20.87,72.34,1281.9456,9,6
2024-01-21 09:00:00,2024-01-21,21.31,20.29,32.83,1270.3104,10,6
2024-01-21 10:00:00,2024-01-21,18.76,18.65,72.68,1241.2896,11,6
2024-01-21 11:00:00,2024-01-21,19.59,19.91,35.98,1264.0512,12,6
2024-01-21 12:00:00,2024-01-21,18.69,20.08,53.79,1274.352,13,6
2024-01-21 13:00:00,2024-01-21,20.55,18.82,78.06,1283.7984,14,6
2024-01-21 14:00:00,2024-01-21,18.68,18.82,65.1,1208.8799999999999,15,6
2024-01-21 15:00:00,2024-01-21,19.41,18.65,62.85,1208.9952,16,6
2024-01-21 16:00:00,2024-01-21,18.59,18.43,48.57,1216.896,17,6
2024-01-21 17:00:00,2024-01-21,22.03,21.1,43.2,1265.1744,18,6
2024-01-21 18:00:00,2024-01-21,18.49,19.39,71.25,1246.1184,19,6
2024-01-21 19:00:00,2024-01-21,19.5,18.34,61.71,1269.5616,20,6
2024-01-21 20:00:00,2024-01-21,21.34,22.08,74.68,1307.1168,21,6
2024-01-21 21:00:00,2024-01-21,20.29,18.4,62.25,1219.9104,22,6
2024-01-21 22:00:00,2024-01-21,20.79,20.83,52.88,1296.3648,23,6
2024-01-21 23:00:00,2024-01-21,19.37,20.96,71.8,1241.0208000000002,24,6
2024-01-22 00:00:00,2024-01-22,20.79,22.57,71.14,1539.492,1,0
2024-01-22 01:00:00,2024-01-22,20.43,19.88,46.37,1574.7,2,0
2024-01-22 02:00:00,2024-01-22,19.76,18.94,49.9,1586.256,3,0
2024-01-22 03:00:00,2024-01-22,20.88,20.64,73.3,1518.1680000000001,4,0
2024-01-22 04:00:00,2024-01-22,19.38,18.67,77.24,1592.7,5,0
2024-01-22 05:00:00,2024-01-22,18.07,16.96,63.4,1477.7160000000001,6,0
2024-01-22 06:00:00,2024-01-22,18.31,19.87,73.59,1547.952,7,0
2024-01-22 07:00:00,2024-01-22,19.69,21.18,79.86,1594.56,8,0
2024-01-22 08:00:00,2024-01-22,21.43,21.4,33.55,1533.696,9,0
2024-01-22 09:00:00,2024-01-22,18.82,17.84,33.66,1578.528,10,0
2024-01-22 10:00:00,2024-01-22,21.16,20.18,40.57,1569.7920000000001,11,0
2024-01-22 11:00:00,2024-01-22,19.51,20.46,35.99,1567.836,12,0
2024-01-22 12:00:00,2024-01-22,21.39,20.7,58.26,1633.728,13,0
2024-01-22 13:00:00,2024-01-22,19.38,20.2,42.53,1560.7079999999999,14,0
2024-01-22 14:00:00,2024-01-22,19.1,19.78,53.66,1578.648,15,0
2024-01-22 15:00:00,2024-01-22,20.59,21.29,54.79,1568.676,16,0
2024-01-22 16:00:00,2024-01-22,20.7,20.68,63.34,1532.616,17,0
2024-01-22 17:00:00,2024-01-22,19.79,19.95,37.28,1587.7319999999997,18,0
2024-01-22 18:00:00,2024-01-22,21.14,21.77,78.48,1616.064,19,0
2024-01-22 19:00:00,2024-01-22,20.61,20.44,61.99,1553.424,20,0
2024-01-22 20:00:00,2024-01-22,19.98,18.68,72.17,1530.0839999999998,21,0
2024-01-22 21:00:00,2024-01-22,20.68,21.34,56.96,1537.26,22,0
2024-01-22 22:00:00,2024-01-22,21.45,22.39,72.59,1543.9199999999998,23,0
2024-01-22 23:00:00,2024-01-22,21.34,22.28,39.33,1599.024,24,0
2024-01-23 00:00:00,2024-01-23,18.47,19.97,40.24,1560.54,1,1
2024-01-23 01:00:00,2024-01-23,19.56,18.92,46.23,1496.028,2,1
2024-01-23 02:00:00,2024-01-23,20.3,19.09,42.37,1535.2079999999999,3,1
2024-01-23 03:00:00,2024-01-23,18.89,20.17,42.9,1573.86,4,1
2024-01-23 04:00:00,2024-01-23,20.62,21.41,41.48,1599.696,5,1
2024-01-23 05:00:00,2024-01-23,19.92,21.71,49.33,1548.204,6,1
2024-01-23 06:00:00,2024-01-23,17.01,16.53,41.56,1543.6560000000002,7,1
2024-01-23 07:00:00,2024-01-23,20.59,21.58,78.62,1610.304,8,1
2024-01-23 08:00:00,2024-01-23,19.22,17.61,54.6,1499.184,9,1
2024-01-23 09:00:00,2024-01-23,20.37,22.17,47.62,1515.624,10,1
2024-01-23 10:00:00,2024-01-23,18.39,18.72,57.72,1493.1119999999999,11,1
2024-01-23 11:00:00,2024-01-23,17.72,17.56,33.84,1512.252,12,1
2024-01-23 12:00:00,2024-01-23,18.3,19.75,64.19,1482.528,13,1
2024-01-23 13:00:00,2024-01-23,19.86,19.23,61.5,1512.3,14,1
2024-01-23 14:00:00,2024-01-23,19.68,21.37,40.43,1586.9759999999999,15,1
2024-01-23 15:00:00,2024-01-23,19.77,18.95,43.1,1561.728,16,1
2024-01-23 16:00:00,2024-01-23,17.08,15.25,58.45,1493.8079999999998,17,1
2024-01-23 17:00:00,2024-01-23,17.64,18.88,36.36,1511.5800000000002,18,1
2024-01-23 18:00:00,2024-01-23,20.08,20.55,33.4,1558.8839999999998,19,1
2024-01-23 19:00:00,2024-01-23,19.91,18.11,35.74,1513.9319999999998,20,1
2024-01-23 20:00:00,2024-01-23,20.42,20.57,54.06,1549.3680000000002,21,1
2024-01-23 21:00:00,2024-01-23,20.32,21.13,53.08,1596.912,22,1
2024-01-23 22:00:00,2024-01-23,18.33,17.73,74.17,1505.6879999999999,23,1
2024-01-23 23:00:00,2024-01-23,17.05,15.84,73.53,1477.164,24,1
2024-01-24 00:00:00,2024-01-24,16.3,14.78,56.59,1499.76,1,2
2024-01-24 01:00:00,2024-01-24,16.47,16.21,43.09,1449.756,2,2
2024-01-24 02:00:00,2024-01-24,18.38,17.84,63.21,1502.7959999999998,3,2
2024-01-24 03:00:00,2024-01-24,18.0,19.45,56.2,1549.512,4,2
2024-01-24 04:00:00,2024-01-24,17.51,16.17,35.5,1458.3239999999998,5,2
2024-01-24 05:00:00,2024-01-24,19.98,21.78,79.62,1588.104,6,2
2024-01-24 06:00:00,2024-01-24,17.26,17.06,35.16,1508.7,7,2
2024-01-24 07:00:00,2024-01-24,16.75,18.03,33.51,1461.0839999999998,8,2
2024-01-24 08:00:00,2024-01-24,20.02,19.07,30.17,1560.696,9,2
2024-01-24 09:00:00,2024-01-24,19.92,21.6,44.89,1532.364,10,2
2024-01-24 10:00:00,2024-01-24,19.66,20.53,60.63,1573.1879999999999,11,2
2024-01-24 11:00:00,2024-01-24,16.89,16.82,61.05,1550.4479999999999,12,2
2024-01-24 12:00:00,2024-01-24,19.36,18.34,43.38,1601.016,13,2
2024-01-24 13:00:00,2024-01-24,19.15,19.63,36.3,1526.568,14,2
2024-01-24 14:00:00,2024-01-24,19.55,21.18,30.59,1608.888,15,2
2024-01-24 15:00:00,2024-01-24,19.49,20.4,43.57,1545.84,16,2
2024-01-24 16:00:00,2024-01-24,19.27,21.24,50.19,1531.4759999999999,17,2
2024-01-24 17:00:00,2024-01-24,17.86,17.89,55.67,1530.7079999999999,18,2
2024-01-24 18:00:00,2024-01-24,19.05,20.75,32.13,1599.756,19,2
2024-01-24 19:00:00,2024-01-24,18.38,20.15,62.42,1548.312,20,2
2024-01-24 20:00:00,2024-01-24,19.26,18.73,55.12,1594.9560000000001,21,2
2024-01-24 21:00:00,2024-01-24,16.62,15.54,35.89,1474.2839999999999,22,2
2024-01-24 22:00:00,2024-01-24,18.37,16.57,37.08,1544.34,23,2
2024-01-24 23:00:00,2024-01-24,18.77,17.18,66.47,1591.176,24,2
2024-01-25 00:00:00,2024-01-25,15.91,17.71,49.6,1468.32,1,3
2024-01-25 01:00:00,2024-01-25,16.63,18.14,37.93,1457.676,2,3
2024-01-25 02:00:00,2024-01-25,15.88,14.08,67.98,1442.724,3,3
2024-01-25 03:00:00,2024-01-25,18.12,18.83,76.82,1531.764,4,3
2024-01-25 04:00:00,2024-01-25,18.72,19.53,59.1,1548.648,5,3
2024-01-25 05:00:00,2024-01-25,15.99,14.87,43.69,1435.14,6,3
2024-01-25 06:00:00,2024-01-25,17.63,17.85,39.81,1573.5359999999998,7,3
2024-01-25 07:00:00,2024-01-25,17.51,18.58,44.29,1508.352,8,3
2024-01-25 08:00:00,2024-01-25,16.24,15.36,67.42,1550.988,9,3
2024-01-25 09:00:00,2024-01-25,19.12,18.73,40.04,1552.788,10,3
2024-01-25 10:00:00,2024-01-25,17.75,18.3,40.63,1549.74,11,3
2024-01-25 11:00:00,2024-01-25,17.39,18.47,54.21,1477.128,12,3
2024-01-25 12:00:00,2024-01-25,15.45,15.97,77.0,1474.0079999999998,13,3
2024-01-25 13:00:00,2024-01-25,18.68,19.55,34.98,1519.176,14,3
2024-01-25 14:00:00,2024-01-25,16.92,16.42,70.37,1480.068,15,3
2024-01-25 15:00:00,2024-01-25,18.5,17.29,63.84,1530.492,16,3
2024-01-25 16:00:00,2024-01-25,16.61,15.34,48.52,1523.7839999999999,17,3
2024-01-25 17:00:00,2024-01-25,17.96,17.4,56.88,1479.0359999999998,18,3
2024-01-25 18:00:00,2024-01-25,18.34,16.77,46.71,1563.2160000000001,19,3
2024-01-25 19:00:00,2024-01-25,15.68,16.99,62.02,1469.484,20,3
2024-01-25 20:00:00,2024-01-25,17.44,18.81,55.03,1545.78,21,3
2024-01-25 21:00:00,2024-01-25,18.85,18.31,44.09,1533.828,22,3
2024-01-25 22:00:00,2024-01-25,18.42,20.13,52.96,1554.396,23,3
2024-01-25 23:00:00,2024-01-25,16.03,14.21,47.98,1446.804,24,3
2024-01-26 00:00:00,2024-01-26,16.7,17.81,72.49,1516.728,1,4
2024-01-26 01:00:00,2024-01-26,17.07,15.45,57.44,1521.1680000000001,2,4
2024-01-26 02:00:00,2024-01-26,15.49,13.89,47.08,1422.7199999999998,3,4
2024-01-26 03:00:00,2024-01-26,14.92,16.39,43.97,1497.78,4,4
2024-01-26 04:00:00,2024-01-26,14.78,16.03,34.22,1486.0079999999998,5,4
2024-01-26 05:00:00,2024-01-26,15.87,15.46,43.39,1436.7,6,4
2024-01-26 06:00:00,2024-01-26,18.44,19.72,50.25,1588.0800000000002,7,4
2024-01-26 07:00:00,2024-01-26,18.24,16.96,68.91,1470.108,8,4
2024-01-26 08:00:00,2024-01-26,14.82,13.4,33.1,1486.3439999999998,9,4
2024-01-26 09:00:00,2024-01-26,17.86,17.47,68.99,1466.244,10,4
2024-01-26 10:00:00,2024-01-26,15.21,15.6,38.37,1509.468,11,4
2024-01-26 11:00:00,2024-01-26,16.99,16.35,58.14,1560.264,12,4
2024-01-26 12:00:00,2024-01-26,18.5,19.26,50.54,1488.492,13,4
2024-01-26 13:00:00,2024-01-26,15.96,17.23,61.61,1488.468,14,4
2024-01-26 14:00:00,2024-01-26,18.18,16.42,55.44,1496.7959999999998,15,4
2024-01-26 15:00:00,2024-01-26,18.5,16.67,57.91,1522.62,16,4
2024-01-26 16:00:00,2024-01-26,16.49,17.55,76.35,1544.1719999999998,17,4
2024-01-26 17:00:00,2024-01-26,16.41,17.75,38.88,1525.692,18,4
2024-01-26 18:00:00,2024-01-26,14.83,15.73,77.48,1479.12,19,4
2024-01-26 19:00:00,2024-01-26,16.41,17.21,44.19,1552.7160000000001,20,4
2024-01-26 20:00:00,2024-01-26,14.91,16.82,38.83,1411.0199999999998,21,4
2024-01-26 21:00:00,2024-01-26,15.78,14.02,47.04,1446.4439999999997,22,4
2024-01-26 22:00:00,2024-01-26,18.57,18.06,54.28,1509.7920000000001,23,4
2024-01-26 23:00:00,2024-01-26,17.0,16.2,73.32,1555.428,24,4
2024-01-27 00:00:00,2024-01-27,14.98,14.28,75.18,1138.8096,1,5
2024-01-27 01:00:00,2024-01-27,15.99,17.08,64.51,1233.0816000000002,2,5
2024-01-27 02:00:00,2024-01-27,17.07,18.12,76.58,1165.4976,3,5
2024-01-27 03:00:00,2024-01-27,14.29,15.08,50.1,1152.0672,4,5
2024-01-27 04:00:00,2024-01-27,16.56,15.31,35.46,1234.0032,5,5
2024-01-27 05:00:00,2024-01-27,14.69,15.22,67.77,1162.4832000000001,6,5
2024-01-27 06:00:00,2024-01-27,15.13,14.35,50.68,1222.608,7,5
2024-01-27 07:00:00,2024-01-27,14.51,12.71,78.16,1134.5088,8,5
2024-01-27 08:00:00,2024-01-27,16.65,14.69,61.35,1196.3232,9,5
2024-01-27 09:00:00,2024-01-27,15.17,16.83,57.91,1222.6463999999999,10,5
2024-01-27 10:00:00,2024-01-27,15.62,13.67,40.4,1225.6128,11,5
2024-01-27 11:00:00,2024-01-27,14.92,16.48,50.14,1139.8656,12,5
2024-01-27 12:00:00,2024-01-27,14.72,14.57,36.42,1133.1936,13,5
2024-01-27 13:00:00,2024-01-27,16.35,16.76,72.23,1214.6591999999998,14,5
2024-01-27 14:00:00,2024-01-27,14.55,16.39,49.09,1131.2544,15,5
2024-01-27 15:00:00,2024-01-27,17.63,18.13,45.78,1245.1488,16,5
2024-01-27 16:00:00,2024-01-27,14.12,13.24,44.23,1192.2432000000001,17,5
2024-01-27 17:00:00,2024-01-27,17.34,18.04,46.97,1225.1904000000002,18,5
2024-01-27 18:00:00,2024-01-27,17.91,18.11,65.44,1194.4608,19,5
2024-01-27 19:00:00,2024-01-27,14.13,14.95,46.19,1198.4448,20,5
2024-01-27 20:00:00,2024-01-27,14.89,13.85,39.07,1197.1488,21,5
2024-01-27 21:00:00,2024-01-27,17.06,17.45,41.35,1232.832,22,5
2024-01-27 22:00:00,2024-01-27,15.12,16.99,62.26,1157.1744,23,5
2024-01-27 23:00:00,2024-01-27,16.98,15.04,44.44,1209.696,24,5
2024-01-28 00:00:00,2024-01-28,14.77,15.34,73.02,1213.5551999999996,1,6
2024-01-28 01:00:00,2024-01-28,15.93,16.56,77.32,1192.3776,2,6
2024-01-28 02:00:00,2024-01-28,14.24,13.8,30.48,1158.0096,3,6
2024-01-28 03:00:00,2024-01-28,14.74,15.59,34.75,1189.104,4,6
2024-01-28 04:00:00,2024-01-28,13.3,11.94,58.67,1167.1104,5,6
2024-01-28 05:00:00,2024-01-28,16.97,15.52,60.59,1197.9551999999996,6,6
2024-01-28 06:00:00,2024-01-28,14.62,13.66,70.0,1164.0575999999999,7,6
2024-01-28 07:00:00,2024-01-28,15.79,16.83,54.63,1197.3504,8,6
2024-01-28 08:00:00,2024-01-28,16.71,16.6,51.93,1209.5712,9,6
2024-01-28 09:00:00,2024-01-28,13.92,15.18,38.57,1132.3296,10,6
2024-01-28 10:00:00,2024-01-28,14.83,13.78,51.24,1183.152,11,6
2024-01-28 11:00:00,2024-01-28,16.14,14.85,72.37,1157.4528,12,6
2024-01-28 12:00:00,2024-01-28,15.32,14.44,48.95,1177.7855999999997,13,6
2024-01-28 13:00:00,2024-01-28,13.71,14.03,42.36,1177.9392,14,6
2024-01-28 14:00:00,2024-01-28,13.81,14.85,37.25,1118.9184,15,6
2024-01-28 15:00:00,2024-01-28,15.37,15.79,74.3,1227.7632,16,6
2024-01-28 16:00:00,2024-01-28,17.16,15.97,79.86,1219.6704,17,6
2024-01-28 17:00:00,2024-01-28,14.37,15.51,66.87,1205.3568,18,6
2024-01-28 18:00:00,2024-01-28,17.04,17.53,61.73,1206.624,19,6
2024-01-28 19:00:00,2024-01-28,15.69,16.54,49.87,1198.7808000000002,20,6
2024-01-28 20:00:00,2024-01-28,14.2,14.06,35.27,1198.3776,21,6
2024-01-28 21:00:00,2024-01-28,13.62,14.52,63.43,1148.8128000000002,22,6
2024-01-28 22:00:00,2024-01-28,13.25,13.56,61.61,1195.1232,23,6
2024-01-28 23:00:00,2024-01-28,15.58,14.44,53.71,1214.6784,24,6
2024-01-29 00:00:00,2024-01-29,15.47,13.59,65.54,1447.836,1,0
2024-01-29 01:00:00,2024-01-29,14.77,13.48,52.4,1464.528,2,0
2024-01-29 02:00:00,2024-01-29,16.21,16.03,50.87,1551.756,3,0
2024-01-29 03:00:00,2024-01-29,15.53,13.68,56.96,1453.1879999999999,4,0
2024-01-29 04:00:00,2024-01-29,16.25,16.09,40.1,1510.764,5,0
2024-01-29 05:00:00,2024-01-29,14.98,14.16,38.8,1416.012,6,0
2024-01-29 06:00:00,2024-01-29,15.64,17.29,71.42,1525.728,7,0
2024-01-29 07:00:00,2024-01-29,16.44,16.01,47.94,1460.4599999999998,8,0
2024-01-29 08:00:00,2024-01-29,16.46,17.81,46.3,1543.8239999999998,9,0
2024-01-29 09:00:00,2024-01-29,13.2,11.4,56.54,1457.904,10,0
2024-01-29 10:00:00,2024-01-29,15.74,15.16,58.33,1432.0439999999999,11,0
2024-01-29 11:00:00,2024-01-29,13.08,11.76,58.61,1443.744,12,0
2024-01-29 12:00:00,2024-01-29,13.54,11.69,73.33,1443.1560000000002,13,0
2024-01-29 13:00:00,2024-01-29,15.53,16.99,59.83,1493.28,14,0
2024-01-29 14:00:00,2024-01-29,13.82,14.39,39.63,1397.5199999999998,15,0
2024-01-29 15:00:00,2024-01-29,13.1,13.51,76.94,1442.28,16,0
2024-01-29 16:00:00,2024-01-29,15.14,13.15,46.92,1525.836,17,0
2024-01-29 17:00:00,2024-01-29,12.52,13.71,59.45,1401.108,18,0
2024-01-29 18:00:00,2024-01-29,13.39,11.79,69.93,1424.8439999999998,19,0
2024-01-29 19:00:00,2024-01-29,12.64,14.43,59.37,1402.6319999999998,20,0
2024-01-29 20:00:00,2024-01-29,16.26,15.61,75.82,1475.556,21,0
2024-01-29 21:00:00,2024-01-29,14.2,16.02,69.11,1485.7079999999999,22,0
2024-01-29 22:00:00,2024-01-29,16.39,17.34,72.88,1458.264,23,0
2024-01-29 23:00:00,2024-01-29,12.95,11.55,53.7,1401.6719999999998,24,0
2024-01-30 00:00:00,2024-01-30,15.76,15.05,74.96,1433.5079999999998,1,1
2024-01-30 01:00:00,2024-01-30,13.59,12.59,46.54,1493.052,2,1
2024-01-30 02:00:00,2024-01-30,13.54,14.75,30.06,1410.528,3,1
2024-01-30 03:00:00,2024-01-30,12.68,11.59,30.24,1376.2319999999997,4,1
2024-01-30 04:00:00,2024-01-30,12.1,13.36,57.07,1374.648,5,1
2024-01-30 05:00:00,2024-01-30,15.68,15.3,77.2,1459.404,6,1
2024-01-30 06:00:00,2024-01-30,15.48,17.0,64.63,1506.1680000000001,7,1
2024-01-30 07:00:00,2024-01-30,15.08,13.32,71.01,1460.256,8,1
2024-01-30 08:00:00,2024-01-30,14.56,14.3,43.77,1506.1680000000001,9,1
2024-01-30 09:00:00,2024-01-30,15.45,15.5,75.98,1471.572,10,1
2024-01-30 10:00:00,2024-01-30,12.81,14.55,30.09,1443.312,11,1
2024-01-30 11:00:00,2024-01-30,15.61,16.95,45.51,1495.9439999999997,12,1
2024-01-30 12:00:00,2024-01-30,14.99,14.56,30.82,1413.696,13,1
2024-01-30 13:00:00,2024-01-30,13.0,12.22,53.5,1475.064,14,1
2024-01-30 14:00:00,2024-01-30,14.11,13.69,68.27,1470.492,15,1
2024-01-30 15:00:00,2024-01-30,13.72,13.86,69.2,1499.2079999999999,16,1
2024-01-30 16:00:00,2024-01-30,12.83,12.16,38.97,1417.812,17,1
2024-01-30 17:00:00,2024-01-30,13.1,12.69,39.36,1407.264,18,1
2024-01-30 18:00:00,2024-01-30,12.92,11.93,59.69,1414.98,19,1
2024-01-30 19:00:00,2024-01-30,13.41,15.25,31.78,1448.664,20,1
2024-01-30 20:00:00,2024-01-30,12.34,10.79,72.8,1383.912,21,1
2024-01-30 21:00:00,2024-01-30,13.2,12.29,77.13,1416.048,22,1
2024-01-30 22:00:00,2024-01-30,14.86,16.24,38.62,1451.616,23,1
2024-01-30 23:00:00,2024-01-30,11.85,11.79,36.0,1438.2959999999998,24,1
2024-01-31 00:00:00,2024-01-31,14.95,13.92,78.95,1499.304,1,2
2024-01-31 01:00:00,2024-01-31,11.28,9.73,33.79,1450.548,2,2
2024-01-31 02:00:00,2024-01-31,14.65,13.27,59.1,1407.3239999999998,3,2
2024-01-31 03:00:00,2024-01-31,14.05,12.28,54.87,1502.8439999999998,4,2
2024-01-31 04:00:00,2024-01-31,11.68,13.63,39.05,1392.3719999999998,5,2
2024-01-31 05:00:00,2024-01-31,11.67,11.78,69.25,1433.184,6,2
2024-01-31 06:00:00,2024-01-31,11.44,10.98,51.5,1451.424,7,2
2024-01-31 07:00:00,2024-01-31,11.5,11.97,49.49,1374.3,8,2
2024-01-31 08:00:00,2024-01-31,12.42,14.3,61.73,1471.6439999999998,9,2
2024-01-31 09:00:00,2024-01-31,14.37,14.4,39.35,1406.064,10,2
2024-01-31 10:00:00,2024-01-31,11.57,10.18,59.19,1465.2839999999999,11,2
2024-01-31 11:00:00,2024-01-31,12.41,10.43,50.13,1450.524,12,2
2024-01-31 12:00:00,2024-01-31,11.89,10.47,75.24,1361.1119999999999,13,2
2024-01-31 13:00:00,2024-01-31,13.39,12.65,59.06,1400.9759999999999,14,2
2024-01-31 14:00:00,2024-01-31,13.01,12.9,62.26,1406.268,15,2
2024-01-31 15:00:00,2024-01-31,14.92,14.58,56.83,1427.1719999999998,16,2
2024-01-31 16:00:00,2024-01-31,12.98,11.07,69.98,1460.856,17,2
2024-01-31 17:00:00,2024-01-31,13.41,12.0,72.58,1474.752,18,2
2024-01-31 18:00:00,2024-01-31,11.67,10.48,75.44,1372.068,19,2
2024-01-31 19:00:00,2024-01-31,13.57,12.6,63.22,1475.904,20,2
2024-01-31 20:00:00,2024-01-31,13.44,12.94,75.25,1426.2479999999998,21,2
2024-01-31 21:00:00,2024-01-31,11.18,10.83,77.11,1341.516,22,2
2024-01-31 22:00:00,2024-01-31,14.31,14.57,61.4,1470.8999999999999,23,2
2024-01-31 23:00:00,2024-01-31,14.5,15.53,74.55,1437.552,24,2
2024-02-01 00:00:00,2024-02-01,11.85,12.95,48.27,1412.256,1,3
2024-02-01 01:00:00,2024-02-01,13.64,14.96,79.73,1502.328,2,3
2024-02-01 02:00:00,2024-02-01,10.78,11.89,37.93,1367.364,3,3
2024-02-01 03:00:00,2024-02-01,10.81,9.37,79.73,1396.9199999999998,4,3
2024-02-01 04:00:00,2024-02-01,13.35,12.05,38.22,1467.048,5,3
2024-02-01 05:00:00,2024-02-01,13.57,13.68,70.27,1436.028,6,3
2024-02-01 06:00:00,2024-02-01,11.9,12.13,65.15,1453.092,7,3
2024-02-01 07:00:00,2024-02-01,14.03,15.36,62.54,1410.4560000000001,8,3
2024-02-01 08:00:00,2024-02-01,10.32,10.91,40.07,1332.348,9,3
2024-02-01 09:00:00,2024-02-01,13.79,14.01,38.49,1442.052,10,3
2024-02-01 10:00:00,2024-02-01,12.76,13.95,38.16,1411.404,11,3
2024-02-01 11:00:00,2024-02-01,13.26,13.11,49.71,1493.1119999999999,12,3
2024-02-01 12:00:00,2024-02-01,10.97,11.32,36.14,1391.856,13,3
2024-02-01 13:00:00,2024-02-01,11.92,10.31,57.82,1452.072,14,3
2024-02-01 14:00:00,2024-02-01,13.42,12.06,49.55,1497.924,15,3
2024-02-01 15:00:00,2024-02-01,11.7,9.78,60.83,1389.3239999999998,16,3
2024-02-01 16:00:00,2024-02-01,11.43,12.46,46.3,1421.064,17,3
2024-02-01 17:00:00,2024-02-01,10.35,9.86,69.98,1443.192,18,3
2024-02-01 18:00:00,2024-02-01,10.71,12.08,49.84,1378.7160000000001,19,3
2024-02-01 19:00:00,2024-02-01,13.95,15.16,42.49,1409.712,20,3
2024-02-01 20:00:00,2024-02-01,10.39,10.07,35.62,1412.424,21,3
2024-02-01 21:00:00,2024-02-01,11.59,11.9,38.37,1357.6319999999998,22,3
2024-02-01 22:00:00,2024-02-01,13.47,14.01,65.37,1443.3,23,3
2024-02-01 23:00:00,2024-02-01,14.17,12.58,55.3,1461.3839999999998,24,3
2024-02-02 00:00:00,2024-02-02,10.54,11.53,74.02,1394.1119999999999,1,4
2024-02-02 01:00:00,2024-02-02,13.34,13.01,74.7,1401.336,2,4
2024-02-02 02:00:00,2024-02-02,12.98,14.25,65.69,1377.192,3,4
2024-02-02 03:00:00,2024-02-02,13.05,12.41,33.29,1436.4959999999999,4,4
2024-02-02 04:00:00,2024-02-02,12.95,13.13,58.88,1377.768,5,4
2024-02-02 05:00:00,2024-02-02,12.15,12.77,52.83,1401.264,6,4
2024-02-02 06:00:00,2024-02-02,13.58,14.71,57.38,1449.492,7,4
2024-02-02 07:00:00,2024-02-02,11.32,10.13,53.47,1450.488,8,4
2024-02-02 08:00:00,2024-02-02,12.24,13.17,50.39,1475.904,9,4
2024-02-02 09:00:00,2024-02-02,12.35,12.81,56.15,1452.936,10,4
2024-02-02 10:00:00,2024-02-02,12.77,11.89,58.15,1388.88,11,4
2024-02-02 11:00:00,2024-02-02,9.92,9.43,51.31,1340.7959999999998,12,4
2024-02-02 12:00:00,2024-02-02,10.31,8.61,73.18,1399.26,13,4
2024-02-02 13:00:00,2024-02-02,11.1,12.53,76.0,1402.032,14,4
2024-02-02 14:00:00,2024-02-02,12.88,12.11,50.32,1440.252,15,4
2024-02-02 15:00:00,2024-02-02,11.08,12.2,48.17,1432.764,16,4
2024-02-02 16:00:00,2024-02-02,12.79,12.12,66.11,1411.9199999999998,17,4
2024-02-02 17:00:00,2024-02-02,10.35,10.08,50.15,1443.468,18,4
2024-02-02 18:00:00,2024-02-02,12.41,11.59,36.6,1375.068,19,4
2024-02-02 19:00:00,2024-02-02,11.65,10.91,76.13,1437.264,20,4
2024-02-02 20:00:00,2024-02-02,11.62,11.82,68.63,1408.176,21,4
2024-02-02 21:00:00,2024-02-02,9.98,11.62,64.12,1413.264,22,4
2024-02-02 22:00:00,2024-02-02,13.01,14.33,74.19,1390.4759999999999,23,4
2024-02-02 23:00:00,2024-02-02,9.59,8.5,57.1,1384.704,24,4
2024-02-03 00:00:00,2024-02-03,11.8,11.48,46.25,1082.7264,1,5
2024-02-03 01:00:00,2024-02-03,12.25,13.89,36.81,1113.1776,2,5
2024-02-03 02:00:00,2024-02-03,10.85,9.22,73.45,1131.4848,3,5
2024-02-03 03:00:00,2024-02-03,8.88,8.43,65.18,1066.2432000000001,4,5
2024-02-03 04:00:00,2024-02-03,12.42,11.91,33.22,1108.8096,5,5
2024-02-03 05:00:00,2024-02-03,10.23,10.51,37.4,1072.2048000000002,6,5
2024-02-03 06:00:00,2024-02-03,10.0,8.01,49.75,1103.6159999999998,7,5
2024-02-03 07:00:00,2024-02-03,8.99,9.53,73.57,1066.9343999999999,8,5
2024-02-03 08:00:00,2024-02-03,12.25,11.86,63.99,1156.1568,9,5
2024-02-03 09:00:00,2024-02-03,11.56,12.43,72.83,1087.8432,10,5
2024-02-03 10:00:00,2024-02-03,11.03,10.43,63.11,1074.192,11,5
2024-02-03 11:00:00,2024-02-03,11.51,13.04,44.58,1139.8944000000001,12,5
2024-02-03 12:00:00,2024-02-03,9.88,10.82,75.4,1061.5776,13,5
2024-02-03 13:00:00,2024-02-03,12.05,10.88,65.41,1146.8832,14,5
2024-02-03 14:00:00,2024-02-03,9.47,10.3,75.78,1108.9824,15,5
2024-02-03 15:00:00,2024-02-03,12.54,13.51,30.21,1142.064,16,5
2024-02-03 16:00:00,2024-02-03,11.47,11.43,35.8,1113.3600000000001,17,5
2024-02-03 17:00:00,2024-02-03,11.04,10.75,59.15,1142.832,18,5
2024-02-03 18:00:00,2024-02-03,11.0,9.24,78.69,1128.8832,19,5
2024-02-03 19:00:00,2024-02-03,9.68,8.44,32.82,1133.6448,20,5
2024-02-03 20:00:00,2024-02-03,9.78,7.98,74.81,1107.3216,21,5
2024-02-03 21:00:00,2024-02-03,11.77,10.4,79.91,1128.9984,22,5
2024-02-03 22:00:00,2024-02-03,10.93,11.56,33.86,1076.6496,23,5
2024-02-03 23:00:00,2024-02-03,9.9,8.64,46.61,1145.8656,24,5
2024-02-04 00:00:00,2024-02-04,9.15,9.75,67.33,1044.8832,1,6
2024-02-04 01:00:00,2024-02-04,10.64,8.84,50.13,1126.9440000000002,2,6
2024-02-04 02:00:00,2024-02-04,10.54,11.88,67.27,1108.176,3,6
2024-02-04 03:00:00,2024-02-04,11.13,10.18,50.32,1113.5712,4,6
2024-02-04 04:00:00,2024-02-04,8.58,7.31,46.57,1100.3424000000002,5,6
2024-02-04 05:00:00,2024-02-04,10.95,10.88,51.4,1128.9216000000001,6,6
2024-02-04 06:00:00,2024-02-04,10.43,8.78,53.51,1064.6879999999999,7,6
2024-02-04 07:00:00,2024-02-04,9.07,10.81,55.18,1100.5248000000001,8,6
2024-02-04 08:00:00,2024-02-04,9.49,8.47,51.05,1070.9759999999999,9,6
2024-02-04 09:00:00,2024-02-04,10.49,12.05,61.15,1138.1951999999999,10,6
2024-02-04 10:00:00,2024-02-04,10.99,11.94,53.99,1136.8224,11,6
2024-02-04 11:00:00,2024-02-04,9.5,10.48,43.53,1103.6640000000002,12,6
2024-02-04 12:00:00,2024-02-04,11.93,12.45,72.06,1094.16,13,6
2024-02-04 13:00:00,2024-02-04,8.91,10.9,43.82,1096.7712,14,6
2024-02-04 14:00:00,2024-02-04,10.14,10.32,44.35,1081.4208,15,6
2024-02-04 15:00:00,2024-02-04,10.41,9.62,30.33,1088.112,16,6
2024-02-04 16:00:00,2024-02-04,8.68,7.39,58.88,1092.9312,17,6
2024-02-04 17:00:00,2024-02-04,9.5,8.68,48.66,1090.1472,18,6
2024-02-04 18:00:00,2024-02-04,9.67,9.23,47.03,1098.4415999999999,19,6
2024-02-04 19:00:00,2024-02-04,12.07,13.24,64.13,1099.3056,20,6
2024-02-04 20:00:00,2024-02-04,12.12,13.67,66.35,1178.9088,21,6
2024-02-04 21:00:00,2024-02-04,11.63,11.0,31.17,1093.8816000000002,22,6
2024-02-04 22:00:00,2024-02-04,8.84,8.95,54.38,1084.2912000000001,23,6
2024-02-04 23:00:00,2024-02-04,11.76,13.42,32.94,1084.4256,24,6
2024-02-05 00:00:00,2024-02-05,8.36,9.58,69.09,1337.64,1,0
2024-02-05 01:00:00,2024-02-05,8.49,8.03,77.29,1390.392,2,0
2024-02-05 02:00:00,2024-02-05,10.1,10.22,60.24,1356.264,3,0
2024-02-05 03:00:00,2024-02-05,7.9,8.46,75.69,1351.2359999999999,4,0
2024-02-05 04:00:00,2024-02-05,8.82,9.52,40.77,1307.6879999999999,5,0
2024-02-05 05:00:00,2024-02-05,10.55,11.29,37.36,1441.116,6,0
2024-02-05 06:00:00,2024-02-05,10.68,8.9,51.43,1412.28,7,0
2024-02-05 07:00:00,2024-02-05,10.55,11.2,59.76,1364.664,8,0
2024-02-05 08:00:00,2024-02-05,8.62,6.7,36.45,1296.78,9,0
2024-02-05 09:00:00,2024-02-05,7.59,7.43,73.27,1315.2479999999998,10,0
2024-02-05 10:00:00,2024-02-05,7.46,8.85,78.01,1379.8439999999998,11,0
2024-02-05 11:00:00,2024-02-05,9.18,10.34,48.8,1344.0839999999998,12,0
2024-02-05 12:00:00,2024-02-05,11.34,9.74,48.45,1395.528,13,0
2024-02-05 13:00:00,2024-02-05,10.11,11.47,64.04,1347.9479999999999,14,0
2024-02-05 14:00:00,2024-02-05,9.56,10.78,79.3,1315.608,15,0
2024-02-05 15:00:00,2024-02-05,9.69,9.36,57.46,1367.016,16,0
2024-02-05 16:00:00,2024-02-05,9.21,7.62,57.21,1357.2,17,0
2024-02-05 17:00:00,2024-02-05,9.88,9.42,64.19,1428.9959999999999,18,0
2024-02-05 18:00:00,2024-02-05,8.46,9.06,79.23,1335.0359999999998,19,0
2024-02-05 19:00:00,2024-02-05,10.4,10.37,56.56,1419.06,20,0
2024-02-05 20:00:00,2024-02-05,10.68,11.23,59.16,1411.092,21,0
2024-02-05 21:00:00,2024-02-05,9.17,10.95,76.12,1407.4199999999998,22,0
2024-02-05 22:00:00,2024-02-05,8.7,9.87,40.99,1402.224,23,0
2024-02-05 23:00:00,2024-02-05,8.18,9.6,39.04,1331.892,24,0
2024-02-06 00:00:00,2024-02-06,6.66,6.13,68.5,1335.18,1,1
2024-02-06 01:00:00,2024-02-06,10.57,12.14,56.19,1446.8999999999999,2,1
2024-02-06 02:00:00,2024-02-06,8.37,9.31,32.29,1303.3079999999998,3,1
2024-02-06 03:00:00,2024-02-06,8.11,8.27,47.39,1383.396,4,1
2024-02-06 04:00:00,2024-02-06,7.67,6.22,54.86,1370.652,5,1
2024-02-06 05:00:00,2024-02-06,6.92,8.47,69.65,1302.2160000000001,6,1
2024-02-06 06:00:00,2024-02-06,7.92,9.55,32.76,1336.56,7,1
2024-02-06 07:00:00,2024-02-06,7.36,9.29,55.96,1307.5079999999998,8,1
2024-02-06 08:00:00,2024-02-06,7.05,7.43,36.1,1349.5079999999998,9,1
2024-02-06 09:00:00,2024-02-06,7.59,8.36,52.68,1328.5439999999999,10,1
2024-02-06 10:00:00,2024-02-06,10.47,10.97,40.98,1418.256,11,1
2024-02-06 11:00:00,2024-02-06,10.29,9.45,58.14,1385.6879999999999,12,1
2024-02-06 12:00:00,2024-02-06,6.94,6.52,48.35,1327.74,13,1
2024-02-06 13:00:00,2024-02-06,8.74,6.81,62.32,1363.152,14,1
2024-02-06 14:00:00,2024-02-06,7.53,7.13,68.88,1306.416,15,1
2024-02-06 15:00:00,2024-02-06,8.24,8.59,55.89,1322.592,16,1
2024-02-06 16:00:00,2024-02-06,8.07,8.28,56.63,1333.116,17,1
2024-02-06 17:00:00,2024-02-06,8.94,10.11,36.11,1344.588,18,1
2024-02-06 18:00:00,2024-02-06,8.81,8.94,53.62,1402.116,19,1
2024-02-06 19:00:00,2024-02-06,10.42,8.76,56.42,1406.256,20,1
2024-02-06 20:00:00,2024-02-06,10.63,11.73,66.84,1448.988,21,1
2024-02-06 21:00:00,2024-02-06,10.58,11.41,62.28,1388.4599999999998,22,1
2024-02-06 22:00:00,2024-02-06,10.12,9.77,63.48,1435.392,23,1
2024-02-06 23:00:00,2024-02-06,8.69,7.27,61.27,1413.684,24,1
2024-02-07 00:00:00,2024-02-07,9.53,8.77,50.88,1339.5,1,2
2024-02-07 01:00:00,2024-02-07,9.1,10.32,42.01,1422.3719999999998,2,2
2024-02-07 02:00:00,2024-02-07,8.11,9.94,38.51,1383.636,3,2
2024-02-07 03:00:00,2024-02-07,7.51,5.75,68.31,1351.392,4,2
2024-02-07 04:00:00,2024-02-07,6.87,5.65,44.41,1337.4479999999999,5,2
2024-02-07 05:00:00,2024-02-07,8.89,10.04,72.38,1321.836,6,2
2024-02-07 06:00:00,2024-02-07,7.28,8.47,63.41,1290.636,7,2
2024-02-07 07:00:00,2024-02-07,7.02,8.57,43.12,1277.052,8,2
2024-02-07 08:00:00,2024-02-07,8.95,10.89,47.94,1324.392,9,2
2024-02-07 09:00:00,2024-02-07,8.59,9.16,31.37,1390.9199999999998,10,2
2024-02-07 10:00:00,2024-02-07,7.73,9.11,58.42,1280.952,11,2
2024-02-07 11:00:00,2024-02-07,6.55,7.38,31.48,1284.9479999999999,12,2
2024-02-07 12:00:00,2024-02-07,6.4,7.68,31.62,1324.2839999999999,13,2
2024-02-07 13:00:00,2024-02-07,9.51,11.08,41.5,1400.484,14,2
2024-02-07 14:00:00,2024-02-07,8.09,8.05,76.85,1401.06,15,2
2024-02-07 15:00:00,2024-02-07,5.99,7.54,50.38,1352.04,16,2
2024-02-07 16:00:00,2024-02-07,7.61,8.35,79.61,1379.424,17,2
2024-02-07 17:00:00,2024-02-07,7.69,6.55,40.96,1342.212,18,2
2024-02-07 18:00:00,2024-02-07,8.22,9.61,34.87,1397.616,19,2
2024-02-07 19:00:00,2024-02-07,9.23,10.12,74.57,1368.4439999999997,20,2
2024-02-07 20:00:00,2024-02-07,9.69,8.79,44.94,1352.7359999999999,21,2
2024-02-07 21:00:00,2024-02-07,8.16,6.95,77.58,1332.912,22,2
2024-02-07 22:00:00,2024-02-07,9.03,9.67,79.79,1417.128,23,2
2024-02-07 23:00:00,2024-02-07,7.2,6.18,50.56,1330.3319999999999,24,2
2024-02-08 00:00:00,2024-02-08,6.74,6.54,44.89,1312.32,1,3
2024-02-08 01:00:00,2024-02-08,7.15,7.6,54.35,1275.0839999999998,2,3
2024-02-08 02:00:00,2024-02-08,7.5,8.64,68.47,1304.376,3,3
2024-02-08 03:00:00,2024-02-08,7.32,5.59,41.78,1333.056,4,3
2024-02-08 04:00:00,2024-02-08,8.9,9.87,36.48,1340.64,5,3
2024-02-08 05:00:00,2024-02-08,6.65,5.69,33.54,1285.5359999999998,6,3
2024-02-08 06:00:00,2024-02-08,6.77,7.03,73.61,1272.2160000000001,7,3
2024-02-08 07:00:00,2024-02-08,8.59,8.34,55.89,1373.82,8,3
2024-02-08 08:00:00,2024-02-08,5.55,4.05,48.0,1354.38,9,3
2024-02-08 09:00:00,2024-02-08,8.98,9.75,46.95,1349.664,10,3
2024-02-08 10:00:00,2024-02-08,6.29,5.79,56.55,1311.6,11,3
2024-02-08 11:00:00,2024-02-08,5.27,6.01,61.67,1353.924,12,3
2024-02-08 12:00:00,2024-02-08,5.49,5.98,79.29,1276.56,13,3
2024-02-08 13:00:00,2024-02-08,6.78,7.7,71.02,1312.2959999999998,14,3
2024-02-08 14:00:00,2024-02-08,8.48,9.54,32.11,1313.3999999999999,15,3
2024-02-08 15:00:00,2024-02-08,5.44,6.5,59.45,1282.7160000000001,16,3
2024-02-08 16:00:00,2024-02-08,5.99,7.98,30.59,1293.6599999999999,17,3
2024-02-08 17:00:00,2024-02-08,8.37,8.19,72.84,1382.2079999999999,18,3
2024-02-08 18:00:00,2024-02-08,7.26,8.16,52.84,1354.176,19,3
2024-02-08 19:00:00,2024-02-08,9.05,9.3,79.3,1375.74,20,3
2024-02-08 20:00:00,2024-02-08,7.95,6.09,58.39,1304.532,21,3
2024-02-08 21:00:00,2024-02-08,5.52,5.53,44.31,1307.94,22,3
2024-02-08 22:00:00,2024-02-08,5.48,6.93,71.25,1253.076,23,3
2024-02-08 23:00:00,2024-02-08,5.72,5.47,61.27,1255.848,24,3
2024-02-09 00:00:00,2024-02-09,5.65,5.66,46.85,1323.252,1,4
2024-02-09 01:00:00,2024-02-09,7.06,5.68,59.21,1348.3079999999998,2,4
2024-02-09 02:00:00,2024-02-09,8.42,10.4,33.33,1311.0959999999998,3,4
2024-02-09 03:00:00,2024-02-09,6.74,7.09,78.55,1305.012,4,4
2024-02-09 04:00:00,2024-02-09,4.96,4.6,38.99,1301.5800000000002,5,4
2024-02-09 05:00:00,2024-02-09,6.81,6.61,65.46,1358.472,6,4
2024-02-09 06:00:00,2024-02-09,8.22,10.06,57.21,1337.724,7,4
2024-02-09 07:00:00,2024-02-09,6.99,8.56,50.6,1335.3719999999998,8,4
2024-02-09 08:00:00,2024-02-09,5.14,7.04,46.32,1317.5040000000001,9,4
2024-02-09 09:00:00,2024-02-09,7.65,9.47,79.4,1368.24,10,4
2024-02-09 10:00:00,2024-02-09,6.39,7.3,49.66,1260.972,11,4
2024-02-09 11:00:00,2024-02-09,6.7,7.22,30.38,1281.7319999999997,12,4
2024-02-09 12:00:00,2024-02-09,5.3,4.2,35.4,1292.8319999999999,13,4
2024-02-09 13:00:00,2024-02-09,5.41,6.89,41.05,1335.312,14,4
2024-02-09 14:00:00,2024-02-09,6.39,6.46,32.71,1330.416,15,4
2024-02-09 15:00:00,2024-02-09,8.25,7.55,54.3,1290.192,16,4
2024-02-09 16:00:00,2024-02-09,5.49,4.11,69.92,1299.3719999999998,17,4
2024-02-09 17:00:00,2024-02-09,5.46,5.45,75.43,1246.9439999999997,18,4
2024-02-09 18:00:00,2024-02-09,4.56,3.11,31.15,1328.124,19,4
2024-02-09 19:00:00,2024-02-09,7.9,6.37,45.41,1318.752,20,4
2024-02-09 20:00:00,2024-02-09,4.67,5.02,32.19,1272.9479999999999,21,4
2024-02-09 21:00:00,2024-02-09,4.46,6.21,30.39,1295.076,22,4
2024-02-09 22:00:00,2024-02-09,5.39,5.77,33.92,1290.804,23,4
2024-02-09 23:00:00,2024-02-09,5.63,7.45,65.89,1330.8839999999998,24,4
2024-02-10 00:00:00,2024-02-10,5.96,6.32,51.94,1068.3072,1,5
2024-02-10 01:00:00,2024-02-10,7.1,7.46,37.54,1109.3280000000002,2,5
2024-02-10 02:00:00,2024-02-10,5.97,5.47,39.22,1019.5488,3,5
2024-02-10 03:00:00,2024-02-10,5.84,5.48,54.69,1091.1455999999998,4,5
2024-02-10 04:00:00,2024-02-10,4.04,3.92,44.01,975.6,5,5
2024-02-10 05:00:00,2024-02-10,6.24,5.79,47.42,1055.1455999999998,6,5
2024-02-10 06:00:00,2024-02-10,4.27,4.76,47.39,974.1312,7,5
2024-02-10 07:00:00,2024-02-10,7.3,5.61,70.35,1105.7952,8,5
2024-02-10 08:00:00,2024-02-10,7.54,9.47,59.06,1059.3696,9,5
2024-02-10 09:00:00,2024-02-10,5.57,6.35,77.31,1028.3136000000002,10,5
2024-02-10 10:00:00,2024-02-10,6.77,8.72,59.99,1037.7696,11,5
2024-02-10 11:00:00,2024-02-10,4.15,6.06,66.41,979.5168,12,5
2024-02-10 12:00:00,2024-02-10,3.79,3.83,31.93,1060.2624,13,5
2024-02-10 13:00:00,2024-02-10,5.48,6.0,78.09,1033.5359999999998,14,5
2024-02-10 14:00:00,2024-02-10,5.0,4.47,66.54,994.1952,15,5
2024-02-10 15:00:00,2024-02-10,5.86,4.65,76.26,1023.0336,16,5
2024-02-10 16:00:00,2024-02-10,6.61,7.33,56.69,1043.7984,17,5
2024-02-10 17:00:00,2024-02-10,4.11,5.82,75.27,1001.2128000000001,18,5
2024-02-10 18:00:00,2024-02-10,7.6,5.77,77.29,1048.6176,19,5
2024-02-10 19:00:00,2024-02-10,7.22,8.88,43.49,1066.8,20,5
2024-02-10 20:00:00,2024-02-10,6.52,4.64,61.29,1057.7472,21,5
2024-02-10 21:00:00,2024-02-10,6.72,5.56,67.17,1088.0064,22,5
2024-02-10 22:00:00,2024-02-10,6.38,5.48,49.97,1025.7216,23,5
2024-02-10 23:00:00,2024-02-10,7.54,7.04,57.73,1046.3232,24,5
2024-02-11 00:00:00,2024-02-11,3.63,4.55,43.59,1034.9952,1,6
2024-02-11 01:00:00,2024-02-11,5.87,7.48,57.18,1062.3648,2,6
2024-02-11 02:00:00,2024-02-11,6.43,4.5,69.76,1070.4768,3,6
2024-02-11 03:00:00,2024-02-11,5.69,4.92,62.98,1010.8512000000001,4,6
2024-02-11 04:00:00,2024-02-11,5.78,5.46,64.93,1078.8767999999998,5,6
2024-02-11 05:00:00,2024-02-11,3.24,3.63,65.0,1028.2272,6,6
2024-02-11 06:00:00,2024-02-11,4.8,3.8,77.9,1073.9328,7,6
2024-02-11 07:00:00,2024-02-11,5.29,5.3,30.4,1060.1855999999996,8,6
2024-02-11 08:00:00,2024-02-11,4.54,3.66,64.71,1056.7008,9,6
2024-02-11 09:00:00,2024-02-11,3.78,2.15,31.56,1015.9584000000001,10,6
2024-02-11 10:00:00,2024-02-11,6.61,5.8,64.68,1011.8016,11,6
2024-02-11 11:00:00,2024-02-11,6.08,5.47,54.72,1013.6448,12,6
2024-02-11 12:00:00,2024-02-11,3.63,2.75,63.3,970.4831999999999,13,6
2024-02-11 13:00:00,2024-02-11,5.79,6.8,39.81,1087.344,14,6
2024-02-11 14:00:00,2024-02-11,3.23,3.12,63.82,1023.4272000000001,15,6
2024-02-11 15:00:00,2024-02-11,6.13,6.32,47.34,1022.4576,16,6
2024-02-11 16:00:00,2024-02-11,32.68,17.81,55.89,1321.9968000000001,16,6
2024-02-11 17:00:00,2024-02-11,34.39,22.07,61.35,1327.248,17,6
2024-02-11 18:00:00,2024-02-11,17.0,27.03,38.88,1139.8752,18,6
2024-02-11 19:00:00,2024-02-11,27.07,25.55,68.5,1204.9343999999999,19,6
2024-02-11 20:00:00,2024-02-11,22.49,13.69,64.89,1409.9136,20,6
2024-02-11 21:00:00,2024-02-11,13.42,32.83,53.48,1241.2896,21,6
2024-02-11 22:00:00,2024-02-11,13.08,5.3,46.11,1133.7024,22,6
2024-02-11 23:00:00,2024-02-11,16.75,14.85,77.24,1368.0,23,6
2024-02-12 00:00:00,2024-02-12,25.56,10.51,78.16,1595.04,0,0
2024-02-12 01:00:00,2024-02-12,26.34,11.41,75.35,1775.8680000000002,1,0
2024-02-12 02:00:00,2024-02-12,6.39,33.69,60.36,1689.876,2,0
2024-02-12 03:00:00,2024-02-12,15.62,11.59,44.41,1475.556,3,0
2024-02-12 04:00:00,2024-02-12,25.77,13.59,55.89,1707.936,4,0
2024-02-12 05:00:00,2024-02-12,34.92,9.23,56.2,1726.212,5,0
2024-02-12 06:00:00,2024-02-12,12.95,26.89,63.15,1411.104,6,0
2024-02-12 07:00:00,2024-02-12,21.21,14.75,39.16,1498.4759999999999,7,0
2024-02-12 08:00:00,2024-02-12,5.44,33.69,43.4,1844.5319999999997,8,0
2024-02-12 09:00:00,2024-02-12,8.18,13.89,50.81,1440.252,9,0
2024-02-12 10:00:00,2024-02-12,10.68,32.57,60.83,1497.924,10,0
2024-02-12 11:00:00,2024-02-12,22.43,13.48,56.2,1839.648,11,0
2024-02-12 12:00:00,2024-02-12,10.29,9.6,69.27,1342.416,12,0
2024-02-12 13:00:00,2024-02-12,7.54,11.93,76.26,1333.056,13,0
2024-02-12 14:00:00,2024-02-12,32.05,25.38,76.26,1752.288,14,0
2024-02-12 15:00:00,2024-02-12,23.19,25.59,68.07,1424.8680000000002,15,0
2024-02-12 16:00:00,2024-02-12,21.16,31.97,66.48,1263.564,16,0
2024-02-12 17:00:00,2024-02-12,29.55,31.5,70.37,1523.64,17,0
2024-02-12 18:00:00,2024-02-12,26.84,10.89,65.54,1656.1560000000002,18,0
2024-02-12 19:00:00,2024-02-12,22.15,14.35,56.47,1877.6399999999999,19,0
2024-02-12 20:00:00,2024-02-12,18.18,9.77,66.67,1499.2079999999999,20,0
2024-02-12 21:00:00,2024-02-12,35.23,29.71,58.1,1324.212,21,0
2024-02-12 22:00:00,2024-02-12,30.08,33.68,47.94,1355.364,22,0
2024-02-12 23:00:00,2024-02-12,16.97,19.26,69.27,1666.3680000000002,23,0
2024-02-13 00:00:00,2024-02-13,11.56,23.12,40.32,1525.8839999999998,0,1
2024-02-13 01:00:00,2024-02-13,32.98,22.95,72.38,1388.88,1,1
2024-02-13 02:00:00,2024-02-13,12.95,21.87,78.48,1721.76,2,1
2024-02-13 03:00:00,2024-02-13,18.72,11.89,72.17,1657.3680000000002,3,1
2024-02-13 04:00:00,2024-02-13,35.84,16.39,54.23,1633.728,4,1
2024-02-13 05:00:00,2024-02-13,15.68,29.06,37.36,1336.56,5,1
2024-02-13 06:00:00,2024-02-13,33.11,30.82,40.11,1496.028,6,1
2024-02-13 07:00:00,2024-02-13,20.61,34.77,49.88,1354.176,7,1
2024-02-13 08:00:00,2024-02-13,21.76,33.62,37.36,1727.772,8,1
2024-02-13 09:00:00,2024-02-13,27.16,7.55,68.27,1528.3079999999998,9,1
2024-02-13 10:00:00,2024-02-13,30.17,15.6,78.15,1542.5040000000001,10,1
2024-02-13 11:00:00,2024-02-13,11.08,26.95,36.96,1781.376,11,1
2024-02-13 12:00:00,2024-02-13,19.5,20.73,31.78,1755.24,12,1
2024-02-13 13:00:00,2024-02-13,5.46,22.48,39.35,1755.516,13,1
2024-02-13 14:00:00,2024-02-13,3.24,15.04,43.2,1620.4560000000001,14,1
2024-02-13 15:00:00,2024-02-13,21.14,13.56,41.15,1763.916,15,1
2024-02-13 16:00:00,2024-02-13,17.07,7.43,50.32,1519.224,16,1
2024-02-13 17:00:00,2024-02-13,8.11,33.43,70.37,1313.3999999999999,17,1
2024-02-13 18:00:00,2024-02-13,23.66,17.55,63.11,1649.1119999999999,18,1
2024-02-13 19:00:00,2024-02-13,33.7,13.66,70.37,1397.616,19,1
2024-02-13 20:00:00,2024-02-13,18.72,34.52,37.39,1755.516,20,1
2024-02-13 21:00:00,2024-02-13,7.06,3.66,70.37,1432.0439999999999,21,1
2024-02-13 22:00:00,2024-02-13,31.52,33.78,50.68,1472.424,22,1
2024-02-13 23:00:00,2024-02-13,19.12,8.59,36.07,1610.484,23,1
2024-02-14 00:00:00,2024-02-14,13.25,19.01,52.53,1458.264,0,2
2024-02-14 01:00:00,2024-02-14,21.85,22.39,69.98,1586.952,1,2
2024-02-14 02:00:00,2024-02-14,20.39,22.73,67.88,1543.6560000000002,2,2
2024-02-14 03:00:00,2024-02-14,7.46,7.27,61.73,1759.428,3,2
2024-02-14 04:00:00,2024-02-14,20.42,26.99,53.5,1410.4560000000001,4,2
2024-02-14 05:00:00,2024-02-14,21.03,16.57,38.22,1775.532,5,2
2024-02-14 06:00:00,2024-02-14,23.39,26.48,56.59,1630.356,6,2
2024-02-14 07:00:00,2024-02-14,16.24,31.9,52.0,1384.704,7,2
2024-02-14 08:00:00,2024-02-14,14.83,35.11,61.27,1335.3839999999998,8,2
2024-02-14 09:00:00,2024-02-14,17.44,24.93,79.86,1485.7079999999999,9,2
2024-02-14 10:00:00,2024-02-14,32.32,23.6,70.95,1421.028,10,2
2024-02-14 11:00:00,2024-02-14,15.69,34.77,52.75,1307.6879999999999,11,2
2024-02-14 12:00:00,2024-02-14,14.74,17.84,34.43,1357.2,12,2
2024-02-14 13:00:00,2024-02-14,20.59,17.75,44.18,1828.26,13,2
2024-02-14 14:00:00,2024-02-14,19.79,7.98,49.9,1690.6319999999998,14,2
2024-02-14 15:00:00,2024-02-14,22.78,5.59,32.94,1626.3719999999998,15,2
2024-02-14 16:00:00,2024-02-14,15.87,32.9,36.1,1555.428,16,2
2024-02-14 17:00:00,2024-02-14,16.41,26.37,48.17,1744.128,17,2
2024-02-14 18:00:00,2024-02-14,13.1,26.99,56.56,1508.352,18,2
2024-02-14 19:00:00,2024-02-14,31.29,29.68,35.62,1672.692,19,2
2024-02-14 20:00:00,2024-02-14,27.17,31.47,78.95,1580.064,20,2
2024-02-14 21:00:00,2024-02-14,29.64,26.37,68.71,1683.108,21,2
2024-02-14 22:00:00,2024-02-14,13.3,18.12,74.57,1497.924,22,2
2024-02-14 23:00:00,2024-02-14,33.07,4.76,35.27,1747.0800000000002,23,2
2024-02-15 00:00:00,2024-02-15,4.96,29.94,50.13,1852.2359999999999,0,3
2024-02-15 01:00:00,2024-02-15,11.67,12.12,79.03,1458.3239999999998,1,3
2024-02-15 02:00:00,2024-02-15,30.89,23.98,79.91,1652.4959999999999,2,3
2024-02-15 03:00:00,2024-02-15,22.45,10.18,47.94,1802.1119999999999,3,3
2024-02-15 04:00:00,2024-02-15,27.84,21.12,64.19,1301.5800000000002,4,3
2024-02-15 05:00:00,2024-02-15,26.61,21.7,55.67,1560.264,5,3
2024-02-15 06:00:00,2024-02-15,21.78,23.6,69.69,1511.1,6,3
2024-02-15 07:00:00,2024-02-15,22.95,6.13,31.17,1789.056,7,3
2024-02-15 08:00:00,2024-02-15,8.25,29.18,53.96,1510.764,8,3
2024-02-15 09:00:00,2024-02-15,4.8,10.13,78.01,1551.852,9,3
2024-02-15 10:00:00,2024-02-15,34.26,18.58,65.73,1556.7479999999998,10,3
2024-02-15 11:00:00,2024-02-15,6.72,14.96,58.84,1457.904,11,3
2024-02-15 12:00:00,2024-02-15,9.5,23.72,47.45,1275.0839999999998,12,3
2024-02-15 13:00:00,2024-02-15,20.97,29.93,40.32,1661.628,13,3
2024-02-15 14:00:00,2024-02-15,18.47,23.13,50.19,1586.952,14,3
2024-02-15 15:00:00,2024-02-15,13.25,8.16,56.88,1311.0959999999998,15,3
2024-02-15 16:00:00,2024-02-15,33.36,10.04,77.2,1816.32,16,3
2024-02-15 17:00:00,2024-02-15,26.36,7.55,72.59,1502.328,17,3
2024-02-15 18:00:00,2024-02-15,7.54,11.73,47.1,1602.4560000000001,18,3
2024-02-15 19:00:00,2024-02-15,18.76,3.83,52.75,1493.1119999999999,19,3
2024-02-15 20:00:00,2024-02-15,31.32,3.63,72.23,1349.5079999999998,20,3
2024-02-15 21:00:00,2024-02-15,24.55,32.78,77.58,1699.608,21,3
2024-02-15 22:00:00,2024-02-15,27.11,26.37,77.0,1550.988,22,3
2024-02-15 23:00:00,2024-02-15,23.68,26.85,45.75,1783.6680000000001,23,3
2024-02-16 00:00:00,2024-02-16,19.86,21.4,58.61,1584.1680000000001,0,4
2024-02-16 01:00:00,2024-02-16,14.78,30.88,47.46,1446.4439999999997,1,4
2024-02-16 02:00:00,2024-02-16,7.2,17.06,50.38,1255.848,2,4
2024-02-16 03:00:00,2024-02-16,20.97,33.64,38.28,1670.616,3,4
2024-02-16 04:00:00,2024-02-16,29.38,8.01,78.06,1595.04,4,4
2024-02-16 05:00:00,2024-02-16,11.08,19.97,66.2,1488.492,5,4
2024-02-16 06:00:00,2024-02-16,18.5,5.77,60.36,1499.616,6,4
2024-02-16 07:00:00,2024-02-16,17.26,33.78,74.2,1310.772,7,4
2024-02-16 08:00:00,2024-02-16,9.69,10.48,45.88,1799.724,8,4
2024-02-16 09:00:00,2024-02-16,20.42,8.27,40.04,1477.7160000000001,9,4
2024-02-16 10:00:00,2024-02-16,14.62,34.24,63.01,1474.2839999999999,10,4
2024-02-16 11:00:00,2024-02-16,17.39,14.52,55.96,1615.5959999999998,11,4
2024-02-16 12:00:00,2024-02-16,9.9,24.59,46.19,1626.3719999999998,12,4
2024-02-16 13:00:00,2024-02-16,14.86,24.56,48.13,1506.1680000000001,13,4
2024-02-16 14:00:00,2024-02-16,8.99,32.46,72.83,1551.276,14,4
2024-02-16 15:00:00,2024-02-16,20.26,17.85,38.67,1307.904,15,4
2024-02-16 16:00:00,2024-02-16,11.65,14.3,78.09,1417.128,16,4
2024-02-16 17:00:00,2024-02-16,17.07,21.24,79.3,1500.1319999999998,17,4
2024-02-16 18:00:00,2024-02-16,27.39,16.21,58.33,1684.2359999999999,18,4
2024-02-16 19:00:00,2024-02-16,5.87,28.04,64.13,1412.256,19,4
2024-02-16 20:00:00,2024-02-16,25.65,34.65,50.32,1538.628,20,4
2024-02-16 21:00:00,2024-02-16,13.41,11.4,74.2,1910.58,21,4
2024-02-16 22:00:00,2024-02-16,8.42,27.59,38.67,1360.14,22,4
2024-02-16 23:00:00,2024-02-16,25.46,25.0,78.28,1311.6,23,4
2024-02-17 00:00:00,2024-02-17,8.37,13.51,37.64,1148.8224,0,5
2024-02-17 01:00:00,2024-02-17,22.15,8.57,70.07,1411.7088,1,5
2024-02-17 02:00:00,2024-02-17,11.67,32.33,73.32,1060.2624,2,5
2024-02-17 03:00:00,2024-02-17,21.39,32.71,30.06,1179.8016,3,5
2024-02-17 04:00:00,2024-02-17,23.17,27.31,48.8,1357.0944000000002,4,5
2024-02-17 05:00:00,2024-02-17,10.35,32.57,43.1,1350.1248000000003,5,5
2024-02-17 06:00:00,2024-02-17,29.53,27.85,38.83,1264.0512,6,5
2024-02-17 07:00:00,2024-02-17,34.69,28.6,52.66,1166.6591999999998,7,5
2024-02-17 08:00:00,2024-02-17,19.98,14.43,62.54,1409.376,8,5
2024-02-17 09:00:00,2024-02-17,21.03,15.25,77.24,1248.5568,9,5
2024-02-17 10:00:00,2024-02-17,8.7,11.62,45.41,1447.92,10,5
2024-02-17 11:00:00,2024-02-17,21.34,29.4,32.82,1219.0272000000002,11,5
2024-02-17 12:00:00,2024-02-17,21.1,5.77,30.33,1068.3072,12,5
2024-02-17 13:00:00,2024-02-17,17.75,5.98,47.23,1219.6704,13,5
2024-02-17 14:00:00,2024-02-17,22.27,21.83,44.35,1382.0640000000003,14,5
2024-02-17 15:00:00,2024-02-17,17.64,29.94,75.52,1143.1968000000002,15,5
2024-02-17 16:00:00,2024-02-17,10.85,20.17,72.84,1298.3328000000001,16,5
2024-02-17 17:00:00,2024-02-17,32.54,11.53,69.92,1177.9392,17,5
2024-02-17 18:00:00,2024-02-17,22.81,23.42,69.76,1093.6128,18,5
2024-02-17 19:00:00,2024-02-17,7.32,16.67,76.74,1373.0112,19,5
2024-02-17 20:00:00,2024-02-17,29.99,11.41,30.4,1192.2432000000001,20,5
2024-02-17 21:00:00,2024-02-17,13.57,13.67,68.59,1353.0912,21,5
2024-02-17 22:00:00,2024-02-17,23.16,31.0,36.04,1175.5872,22,5
2024-02-17 23:00:00,2024-02-17,25.7,16.2,55.8,1428.5472,23,5
2024-02-18 00:00:00,2024-02-18,5.79,27.94,63.33,1107.7632,0,6
2024-02-18 01:00:00,2024-02-18,19.68,30.09,43.22,1171.6224,1,6
2024-02-18 02:00:00,2024-02-18,5.96,22.73,55.98,1371.1008000000002,2,6
2024-02-18 03:00:00,2024-02-18,17.0,11.97,35.32,1107.1296,3,6
2024-02-18 04:00:00,2024-02-18,8.11,25.88,33.97,1199.3664,4,6
2024-02-18 05:00:00,2024-02-18,19.26,13.68,40.4,1179.4272,5,6
2024-02-18 06:00:00,2024-02-18,19.38,29.28,47.04,1276.7808000000002,6,6
2024-02-18 07:00:00,2024-02-18,32.7,34.06,57.38,1100.0544,7,6
2024-02-18 08:00:00,2024-02-18,13.54,9.67,76.94,1169.1072,8,6
2024-02-18 09:00:00,2024-02-18,18.37,27.33,44.32,1189.104,9,6
2024-02-18 10:00:00,2024-02-18,22.03,15.22,60.13,1221.2544,10,6
2024-02-18 11:00:00,2024-02-18,23.82,20.29,67.08,1153.6416,11,6
2024-02-18 12:00:00,2024-02-18,5.41,11.94,65.46,1411.392,12,6
2024-02-18 13:00:00,2024-02-18,30.03,18.82,46.32,1377.4080000000001,13,6
2024-02-18 14:00:00,2024-02-18,18.37,2.15,50.92,1353.0912,14,6
2024-02-18 15:00:00,2024-02-18,35.25,18.82,36.29,1136.8224,15,6
2024-02-18 16:00:00,2024-02-18,33.61,23.84,45.44,1180.7232000000001,16,6
2024-02-18 17:00:00,2024-02-18,32.28,8.57,68.31,1099.7184,17,6
2024-02-18 18:00:00,2024-02-18,11.5,22.99,33.97,1367.376,18,6
2024-02-18 19:00:00,2024-02-18,20.38,35.59,77.73,1293.216,19,6
2024-02-18 20:00:00,2024-02-18,14.86,9.6,79.86,1072.2048000000002,20,6
2024-02-18 21:00:00,2024-02-18,27.72,29.89,60.83,1375.1328,21,6
2024-02-18 22:00:00,2024-02-18,21.92,26.16,66.86,1426.4736000000003,22,6
2024-02-18 23:00:00,2024-02-18,18.34,28.0,50.56,1142.832,23,6
2024-02-19 00:00:00,2024-02-19,32.54,32.92,59.99,1410.4560000000001,0,0
2024-02-19 01:00:00,2024-02-19,24.87,26.46,52.83,1307.6879999999999,1,0
2024-02-19 02:00:00,2024-02-19,25.99,31.24,35.05,1659.06,2,0
2024-02-19 03:00:00,2024-02-19,31.45,18.16,68.63,1569.348,3,0
2024-02-19 04:00:00,2024-02-19,14.72,9.86,53.96,1433.604,4,0
2024-02-19 05:00:00,2024-02-19,17.16,9.52,60.0,1763.304,5,0
2024-02-19 06:00:00,2024-02-19,7.92,6.18,71.25,1872.9599999999998,6,0
2024-02-19 07:00:00,2024-02-19,5.27,16.35,65.18,1414.98,7,0
2024-02-19 08:00:00,2024-02-19,16.98,25.62,45.88,1311.0959999999998,8,0
2024-02-19 09:00:00,2024-02-19,19.71,32.83,68.59,1508.28,9,0
2024-02-19 10:00:00,2024-02-19,33.33,27.05,56.56,1253.076,10,0
2024-02-19 11:00:00,2024-02-19,32.28,23.7,68.78,1450.524,11,0
2024-02-19 12:00:00,2024-02-19,10.85,29.09,45.51,1374.648,12,0
2024-02-19 13:00:00,2024-02-19,28.67,34.71,53.71,1641.588,13,0
2024-02-19 14:00:00,2024-02-19,7.59,18.68,68.27,1449.492,14,0
2024-02-19 15:00:00,2024-02-19,33.36,10.37,40.06,1372.068,15,0
2024-02-19 16:00:00,2024-02-19,30.28,20.44,48.33,1848.6239999999998,16,0
2024-02-19 17:00:00,2024-02-19,30.13,25.09,69.92,1767.5040000000001,17,0
2024-02-19 18:00:00,2024-02-19,23.7,13.48,57.1,1307.6879999999999,18,0
2024-02-19 19:00:00,2024-02-19,6.52,8.95,47.34,1315.2479999999998,19,0
2024-02-19 20:00:00,2024-02-19,33.34,15.97,40.04,1753.2359999999999,20,0
2024-02-19 21:00:00,2024-02-19,27.51,16.2,76.85,1610.64,21,0
2024-02-19 22:00:00,2024-02-19,21.1,31.02,35.18,1359.18,22,0
2024-02-19 23:00:00,2024-02-19,29.63,8.95,60.13,1665.3719999999998,23,0
2024-02-20 00:00:00,2024-02-20,25.05,25.76,49.55,1550.412,0,1
2024-02-20 01:00:00,2024-02-20,30.28,34.24,48.95,1727.5199999999998,1,1
2024-02-20 02:00:00,2024-02-20,27.51,5.47,58.27,1475.904,2,1
2024-02-20 03:00:00,2024-02-20,18.38,19.95,38.5,1665.78,3,1
2024-02-20 04:00:00,2024-02-20,10.55,28.6,58.88,1306.104,4,1
2024-02-20 05:00:00,2024-02-20,16.99,8.03,55.89,1516.728,5,1
2024-02-20 06:00:00,2024-02-20,20.39,20.96,33.69,1625.184,6,1
2024-02-20 07:00:00,2024-02-20,18.42,15.84,43.78,1775.652,7,1
2024-02-20 08:00:00,2024-02-20,15.79,15.45,37.34,1344.0839999999998,8,1
2024-02-20 09:00:00,2024-02-20,10.49,15.45,55.89,1384.704,9,1
2024-02-20 10:00:00,2024-02-20,27.07,33.66,38.02,1570.62,10,1
2024-02-20 11:00:00,2024-02-20,18.37,5.56,53.51,1799.376,11,1
2024-02-20 12:00:00,2024-02-20,30.06,23.42,35.05,1677.4439999999997,12,1
2024-02-20 13:00:00,2024-02-20,24.44,22.37,30.06,1848.156,13,1
2024-02-20 14:00:00,2024-02-20,33.34,31.32,40.24,1506.1680000000001,14,1
2024-02-20 15:00:00,2024-02-20,20.59,10.81,43.38,1411.404,15,1
2024-02-20 16:00:00,2024-02-20,24.6,29.36,41.15,1578.648,16,1
2024-02-20 17:00:00,2024-02-20,6.08,5.48,52.4,1307.904,17,1
2024-02-20 18:00:00,2024-02-20,15.21,8.64,48.55,1657.74,18,1
2024-02-20 19:00:00,2024-02-20,10.81,8.47,79.73,1754.652,19,1
2024-02-20 20:00:00,2024-02-20,24.61,15.97,38.37,1349.5079999999998,20,1
2024-02-20 21:00:00,2024-02-20,8.68,20.13,61.4,1632.9479999999999,21,1
2024-02-20 22:00:00,2024-02-20,10.93,29.35,52.4,1750.836,22,1
2024-02-20 23:00:00,2024-02-20,30.17,22.1,75.78,1649.5439999999999,23,1
2024-02-21 00:00:00,2024-02-21,23.1,13.67,65.0,1594.3319999999999,0,2
2024-02-21 01:00:00,2024-02-21,22.63,22.55,37.69,1457.676,1,2
2024-02-21 02:00:00,2024-02-21,29.43,25.1,78.69,1648.8719999999998,2,2
2024-02-21 03:00:00,2024-02-21,26.75,30.63,79.29,1496.436,3,2
2024-02-21 04:00:00,2024-02-21,4.11,35.32,54.63,1721.136,4,2
2024-02-21 05:00:00,2024-02-21,15.61,11.0,34.02,1668.756,5,2
2024-02-21 06:00:00,2024-02-21,32.2,22.57,31.62,1561.848,6,2
2024-02-21 07:00:00,2024-02-21,23.73,32.78,72.38,1400.484,7,2
2024-02-21 08:00:00,2024-02-21,28.67,32.79,45.82,1518.1680000000001,8,2
2024-02-21 09:00:00,2024-02-21,34.12,37.75,64.89,1610.532,9,2
2024-02-21 10:00:00,2024-02-21,15.88,15.61,58.94,1714.788,10,2
2024-02-21 11:00:00,2024-02-21,33.34,12.77,38.97,1412.424,11,2
2024-02-21 12:00:00,2024-02-21,33.11,25.97,30.42,1452.072,12,2
2024-02-21 13:00:00,2024-02-21,29.25,14.71,74.95,1516.728,13,2
2024-02-21 14:00:00,2024-02-21,24.22,8.59,38.97,1385.2199999999998,14,2
2024-02-21 15:00:00,2024-02-21,20.63,12.14,77.48,1460.256,15,2
2024-02-21 16:00:00,2024-02-21,17.26,9.45,75.17,1313.3999999999999,16,2
2024-02-21 17:00:00,2024-02-21,7.1,18.88,36.07,1325.2319999999997,17,2
2024-02-21 18:00:00,2024-02-21,10.4,10.97,39.33,1743.972,18,2
2024-02-21 19:00:00,2024-02-21,4.04,17.55,50.88,1357.2,19,2
2024-02-21 20:00:00,2024-02-21,12.79,32.83,59.43,1447.512,20,2
2024-02-21 21:00:00,2024-02-21,31.84,16.02,76.17,1446.816,21,2
2024-02-21 22:00:00,2024-02-21,9.5,29.89,60.82,1401.6719999999998,22,2
2024-02-21 23:00:00,2024-02-21,11.89,8.36,37.44,1422.3719999999998,23,2
2024-02-22 00:00:00,2024-02-22,6.99,35.02,40.77,1561.848,0,3
2024-02-22 01:00:00,2024-02-22,24.66,34.17,40.87,1580.064,1,3
2024-02-22 02:00:00,2024-02-22,20.95,32.77,54.3,1293.744,2,3
2024-02-22 03:00:00,2024-02-22,19.77,13.13,40.43,1285.5359999999998,3,3
2024-02-22 04:00:00,2024-02-22,31.62,20.15,49.75,1567.836,4,3
2024-02-22 05:00:00,2024-02-22,16.7,22.93,57.07,1875.6239999999998,5,3
2024-02-22 06:00:00,2024-02-22,22.54,22.09,78.4,1671.6599999999999,6,3
2024-02-22 07:00:00,2024-02-22,29.63,27.94,68.31,1816.32,7,3
2024-02-22 08:00:00,2024-02-22,26.79,9.86,33.51,1279.2839999999999,8,3
2024-02-22 09:00:00,2024-02-22,16.71,9.37,79.4,1450.524,9,3
2024-02-22 10:00:00,2024-02-22,24.43,21.4,54.79,1599.048,10,3
2024-02-22 11:00:00,2024-02-22,19.15,22.32,76.12,1354.176,11,3
2024-02-22 12:00:00,2024-02-22,12.15,16.24,39.66,1584.1680000000001,12,3
2024-02-22 13:00:00,2024-02-22,33.93,34.03,66.63,1335.312,13,3
2024-02-22 14:00:00,2024-02-22,30.23,32.71,75.15,1367.016,14,3
2024-02-22 15:00:00,2024-02-22,18.0,6.93,47.23,1315.608,15,3
2024-02-22 16:00:00,2024-02-22,8.9,5.47,68.58,1708.908,16,3
2024-02-22 17:00:00,2024-02-22,23.49,15.97,31.28,1721.904,17,3
2024-02-22 18:00:00,2024-02-22,9.18,4.6,42.37,1816.2839999999999,18,3
2024-02-22 19:00:00,2024-02-22,28.35,30.63,36.84,1415.412,19,3
2024-02-22 20:00:00,2024-02-22,26.2,29.0,52.4,1628.6879999999999,20,3
2024-02-22 21:00:00,2024-02-22,29.15,28.75,68.58,1760.412,21,3
2024-02-22 22:00:00,2024-02-22,23.35,26.16,34.47,1794.468,22,3
2024-02-22 23:00:00,2024-02-22,23.05,27.33,44.94,1377.768,23,3
2024-02-23 00:00:00,2024-02-23,13.2,11.94,65.15,1317.5040000000001,0,4
2024-02-23 01:00:00,2024-02-23,25.18,6.01,50.92,1549.512,1,4
2024-02-23 02:00:00,2024-02-23,16.71,10.43,33.84,1263.564,2,4
2024-02-23 03:00:00,2024-02-23,26.52,27.73,78.42,1657.74,3,4
2024-02-23 04:00:00,2024-02-23,17.08,28.0,53.96,1311.6,4,4
2024-02-23 05:00:00,2024-02-23,30.81,32.05,73.45,1820.8439999999998,5,4
2024-02-23 06:00:00,2024-02-23,24.78,12.08,73.76,1379.8439999999998,6,4
2024-02-23 07:00:00,2024-02-23,34.92,29.94,69.98,1820.8439999999998,7,4
2024-02-23 08:00:00,2024-02-23,14.83,22.17,49.66,1433.184,8,4
2024-02-23 09:00:00,2024-02-23,20.29,5.48,69.92,1620.048,9,4
2024-02-23 10:00:00,2024-02-23,11.18,13.4,61.27,1645.704,10,4
2024-02-23 11:00:00,2024-02-23,19.68,26.48,78.81,1532.616,11,4
2024-02-23 12:00:00,2024-02-23,34.57,15.51,79.77,1511.964,12,4
2024-02-23 13:00:00,2024-02-23,19.36,5.46,41.83,1304.532,13,4
2024-02-23 14:00:00,2024-02-23,15.76,11.94,61.73,1702.0199999999998,14,4
2024-02-23 15:00:00,2024-02-23,30.28,21.58,69.98,1509.7920000000001,15,4
2024-02-23 16:00:00,2024-02-23,15.68,21.4,46.97,1495.9439999999997,16,4
2024-02-23 17:00:00,2024-02-23,15.45,26.89,50.32,1363.152,17,4
2024-02-23 18:00:00,2024-02-23,23.7,35.07,41.15,1263.564,18,4
2024-02-23 19:00:00,2024-02-23,5.79,14.75,69.92,1474.752,19,4
2024-02-23 20:00:00,2024-02-23,11.68,23.17,53.62,1408.68,20,4
2024-02-23 21:00:00,2024-02-23,35.68,25.51,38.54,1475.904,21,4
2024-02-23 22:00:00,2024-02-23,26.6,16.99,55.23,1871.4719999999998,22,4
2024-02-23 23:00:00,2024-02-23,34.13,16.96,75.35,1561.6439999999998,23,4
2024-02-24 00:00:00,2024-02-24,25.46,7.62,78.95,1048.8767999999998,0,5
2024-02-24 01:00:00,2024-02-24,9.5,33.3,54.72,1245.3984,1,5
2024-02-24 02:00:00,2024-02-24,20.97,23.43,47.42,1227.7632,2,5
2024-02-24 03:00:00,2024-02-24,19.51,24.31,54.72,1275.9648,3,5
2024-02-24 04:00:00,2024-02-24,24.11,31.47,61.99,1482.0384000000001,4,5
2024-02-24 05:00:00,2024-02-24,32.33,13.32,34.82,1328.7551999999996,5,5
2024-02-24 06:00:00,2024-02-24,31.09,25.1,48.17,1392.0672,6,5
2024-02-24 07:00:00,2024-02-24,24.44,32.41,43.78,1306.1088,7,5
2024-02-24 08:00:00,2024-02-24,31.67,26.23,65.75,1384.6368,8,5
2024-02-24 09:00:00,2024-02-24,20.35,11.07,60.27,1311.1968000000002,9,5
2024-02-24 10:00:00,2024-02-24,5.44,23.2,60.13,1049.856,10,5
2024-02-24 11:00:00,2024-02-24,28.29,26.73,47.45,1244.0544,11,5
2024-02-24 12:00:00,2024-02-24,20.02,18.88,57.46,1359.6864,12,5
2024-02-24 13:00:00,2024-02-24,14.31,28.18,38.1,1230.9024,13,5
2024-02-24 14:00:00,2024-02-24,30.5,10.12,43.4,1302.9504000000002,14,5
2024-02-24 15:00:00,2024-02-24,22.78,14.01,50.15,1131.2544,15,5
2024-02-24 16:00:00,2024-02-24,26.23,20.57,49.54,1295.2128000000002,16,5
2024-02-24 17:00:00,2024-02-24,23.7,23.31,61.61,1425.0624,17,5
2024-02-24 18:00:00,2024-02-24,8.88,3.12,74.57,1356.1824000000001,18,5
2024-02-24 19:00:00,2024-02-24,33.07,10.78,50.13,1132.3296,19,5
2024-02-24 20:00:00,2024-02-24,29.63,25.8,41.85,1129.824,20,5
2024-02-24 21:00:00,2024-02-24,23.35,15.6,71.34,1072.2048000000002,21,5
2024-02-24 22:00:00,2024-02-24,15.17,13.48,58.33,1422.8448,22,5
2024-02-24 23:00:00,2024-02-24,22.37,16.96,43.59,1103.6159999999998,23,5
2024-02-25 00:00:00,2024-02-25,20.3,11.08,48.27,1276.7808000000002,0,6
2024-02-25 01:00:00,2024-02-25,11.0,13.8,79.91,1367.6064,1,6
2024-02-25 02:00:00,2024-02-25,3.63,31.32,62.06,1389.0912,2,6
2024-02-25 03:00:00,2024-02-25,18.49,30.8,57.84,1028.4288,3,6
2024-02-25 04:00:00,2024-02-25,10.4,15.59,46.54,1400.6688000000001,4,6
2024-02-25 05:00:00,2024-02-25,17.63,28.86,37.34,1225.1808,5,6
2024-02-25 06:00:00,2024-02-25,14.83,9.23,43.59,1062.8352000000002,6,6
2024-02-25 07:00:00,2024-02-25,31.67,5.79,47.39,1324.4928,7,6
2024-02-25 08:00:00,2024-02-25,8.36,29.68,72.34,1357.0944000000002,8,6
2024-02-25 09:00:00,2024-02-25,21.1,14.35,67.42,1139.8752,9,6
2024-02-25 10:00:00,2024-02-25,27.25,28.86,41.78,1065.8784,10,6
2024-02-25 11:00:00,2024-02-25,31.1,9.31,31.62,1467.7536,11,6
2024-02-25 12:00:00,2024-02-25,34.54,36.54,46.75,1058.6016,12,6
2024-02-25 13:00:00,2024-02-25,29.78,26.64,69.09,1165.4976,13,6
2024-02-25 14:00:00,2024-02-25,5.52,37.27,57.46,1451.2608,14,6
2024-02-25 15:00:00,2024-02-25,31.84,27.99,40.35,1107.3216,15,6
2024-02-25 16:00:00,2024-02-25,20.26,10.79,79.24,1078.3584,16,6
2024-02-25 17:00:00,2024-02-25,15.37,20.46,74.36,1372.9728,17,6
2024-02-25 18:00:00,2024-02-25,18.5,14.06,47.39,1199.3472,18,6
2024-02-25 19:00:00,2024-02-25,27.84,6.32,55.89,1247.1072,19,6
2024-02-25 20:00:00,2024-02-25,7.69,14.28,35.13,1181.9904000000001,20,6
2024-02-25 21:00:00,2024-02-25,13.08,28.57,57.2,1317.0720000000001,21,6
2024-02-25 22:00:00,2024-02-25,10.81,22.6,54.56,1427.5872,22,6
2024-02-25 23:00:00,2024-02-25,21.62,11.89,62.28,1194.4896,23,6
2024-02-26 00:00:00,2024-02-26,22.66,28.08,52.83,1561.848,0,0
2024-02-26 01:00:00,2024-02-26,10.64,24.57,74.7,1538.628,1,0
2024-02-26 02:00:00,2024-02-26,32.49,13.8,42.37,1544.34,2,0
2024-02-26 03:00:00,2024-02-26,20.3,29.28,58.14,1648.8719999999998,3,0
2024-02-26 04:00:00,2024-02-26,33.11,24.59,78.69,1551.852,4,0
2024-02-26 05:00:00,2024-02-26,10.95,21.75,48.13,1411.152,5,0
2024-02-26 06:00:00,2024-02-26,23.86,32.3,75.25,1586.952,6,0
2024-02-26 07:00:00,2024-02-26,13.59,10.95,75.06,1594.56,7,0
2024-02-26 08:00:00,2024-02-26,6.39,9.16,30.95,1531.764,8,0
2024-02-26 09:00:00,2024-02-26,7.02,32.77,61.76,1709.5079999999998,9,0
2024-02-26 10:00:00,2024-02-26,9.69,22.14,30.2,1443.468,10,0
2024-02-26 11:00:00,2024-02-26,6.61,31.4,53.5,1401.264,11,0
2024-02-26 12:00:00,2024-02-26,14.5,17.56,63.22,1687.6560000000002,12,0
2024-02-26 13:00:00,2024-02-26,19.77,31.32,46.31,1275.0839999999998,13,0
2024-02-26 14:00:00,2024-02-26,7.2,3.83,69.18,1775.532,14,0
2024-02-26 15:00:00,2024-02-26,25.45,23.5,65.81,1496.7959999999998,15,0
2024-02-26 16:00:00,2024-02-26,8.59,7.55,55.8,1699.608,16,0
2024-02-26 17:00:00,2024-02-26,30.47,15.3,52.4,1401.336,17,0
2024-02-26 18:00:00,2024-02-26,8.36,28.86,73.56,1406.256,18,0
2024-02-26 19:00:00,2024-02-26,26.84,22.15,33.79,1305.012,19,0
2024-02-26 20:00:00,2024-02-26,26.45,33.68,33.54,1552.788,20,0
2024-02-26 21:00:00,2024-02-26,25.14,31.56,59.43,1301.5800000000002,21,0
2024-02-26 22:00:00,2024-02-26,29.25,23.76,59.19,1498.4759999999999,22,0
2024-02-26 23:00:00,2024-02-26,20.49,35.9,32.19,1696.692,23,0
2024-02-27 00:00:00,2024-02-27,33.84,4.5,72.56,1537.26,0,1
2024-02-27 01:00:00,2024-02-27,27.11,24.02,55.23,1650.3839999999998,1,1
2024-02-27 02:00:00,2024-02-27,5.39,14.08,36.96,1576.14,2,1
2024-02-27 03:00:00,2024-02-27,22.03,21.98,33.22,1516.9439999999997,3,1
2024-02-27 04:00:00,2024-02-27,26.61,14.06,39.76,1310.772,4,1
2024-02-27 05:00:00,2024-02-27,13.3,29.35,75.25,1363.152,5,1
2024-02-27 06:00:00,2024-02-27,20.32,10.43,55.36,1457.904,6,1
2024-02-27 07:00:00,2024-02-27,32.33,33.21,57.16,1410.528,7,1
2024-02-27 08:00:00,2024-02-27,23.19,32.02,34.19,1783.092,8,1
2024-02-27 09:00:00,2024-02-27,25.18,13.85,55.23,1886.088,9,1
2024-02-27 10:00:00,2024-02-27,20.56,10.32,67.33,1505.6879999999999,10,1
2024-02-27 11:00:00,2024-02-27,34.1,22.83,31.62,1551.6119999999999,11,1
2024-02-27 12:00:00,2024-02-27,10.54,35.9,48.45,1561.728,12,1
2024-02-27 13:00:00,2024-02-27,16.46,32.46,48.98,1277.052,13,1
2024-02-27 14:00:00,2024-02-27,20.42,5.75,44.14,1730.484,14,1
2024-02-27 15:00:00,2024-02-27,24.27,8.5,34.82,1497.78,15,1
2024-02-27 16:00:00,2024-02-27,15.93,24.75,78.55,1828.404,16,1
2024-02-27 17:00:00,2024-02-27,20.3,11.76,61.3,1594.68,17,1
2024-02-27 18:00:00,2024-02-27,29.15,13.11,69.69,1669.14,18,1
2024-02-27 19:00:00,2024-02-27,25.52,2.75,39.81,1570.104,19,1
2024-02-27 20:00:00,2024-02-27,33.33,35.93,51.31,1488.468,20,1
2024-02-27 21:00:00,2024-02-27,7.6,24.75,45.64,1496.436,21,1
2024-02-27 22:00:00,2024-02-27,32.05,14.4,32.13,1374.648,22,1
2024-02-27 23:00:00,2024-02-27,26.79,22.65,67.79,1636.5359999999998,23,1
2024-02-28 00:00:00,2024-02-28,5.0,22.39,75.77,1846.704,0,2
2024-02-28 01:00:00,2024-02-28,15.14,24.75,64.29,1721.904,1,2
2024-02-28 02:00:00,2024-02-28,35.63,29.95,77.26,1267.056,2,2
2024-02-28 03:00:00,2024-02-28,32.13,18.83,49.49,1696.3319999999999,3,2
2024-02-28 04:00:00,2024-02-28,27.11,26.8,35.98,1423.512,4,2
2024-02-28 05:00:00,2024-02-28,33.11,25.13,51.31,1246.9439999999997,5,2
2024-02-28 06:00:00,2024-02-28,7.9,15.97,39.22,1408.176,6,2
2024-02-28 07:00:00,2024-02-28,24.37,21.41,30.27,1505.6879999999999,7,2
2024-02-28 08:00:00,2024-02-28,16.56,9.75,56.2,1411.404,8,2
2024-02-28 09:00:00,2024-02-28,20.17,32.71,78.06,1587.888,9,2
2024-02-28 10:00:00,2024-02-28,19.41,18.73,57.16,1332.912,10,2
2024-02-28 11:00:00,2024-02-28,24.78,4.05,75.18,1424.8680000000002,11,2
2024-02-28 12:00:00,2024-02-28,20.59,19.01,45.4,1638.48,12,2
2024-02-28 13:00:00,2024-02-28,19.15,6.95,65.44,1757.964,13,2
2024-02-28 14:00:00,2024-02-28,10.43,11.56,72.8,1457.676,14,2
2024-02-28 15:00:00,2024-02-28,21.34,28.35,33.4,1809.108,15,2
2024-02-28 16:00:00,2024-02-28,10.68,5.47,63.84,1406.256,16,2
2024-02-28 17:00:00,2024-02-28,3.63,23.51,62.16,1699.74,17,2
2024-02-28 18:00:00,2024-02-28,5.0,11.86,75.56,1525.836,18,2
2024-02-28 19:00:00,2024-02-28,30.09,20.18,61.15,1376.2319999999997,19,2
2024-02-28 20:00:00,2024-02-28,18.68,29.36,38.57,1373.82,20,2
2024-02-28 21:00:00,2024-02-28,19.92,19.88,48.8,1660.8,21,2
2024-02-28 22:00:00,2024-02-28,6.87,8.28,74.57,1610.532,22,2
2024-02-28 23:00:00,2024-02-28,32.32,26.85,41.5,1877.6399999999999,23,2
2024-02-29 00:00:00,2024-02-29,22.7,14.35,59.1,1557.648,0,3
2024-02-29 01:00:00,2024-02-29,8.74,27.94,53.7,1648.8719999999998,1,3
2024-02-29 02:00:00,2024-02-29,17.07,11.08,42.56,1447.836,2,3
2024-02-29 03:00:00,2024-02-29,21.1,8.64,31.78,1496.028,3,3
2024-02-29 04:00:00,2024-02-29,17.86,19.53,54.23,1344.588,4,3
2024-02-29 05:00:00,2024-02-29,25.0,14.55,54.86,1411.104,5,3
2024-02-29 06:00:00,2024-02-29,27.78,6.32,65.73,1599.048,6,3
2024-02-29 07:00:00,2024-02-29,12.98,32.91,77.51,1482.528,7,3
2024-02-29 08:00:00,2024-02-29,15.21,9.61,77.24,1673.2199999999998,8,3
2024-02-29 09:00:00,2024-02-29,34.29,21.34,35.13,1719.624,9,3
2024-02-29 10:00:00,2024-02-29,35.63,27.73,62.42,1877.6399999999999,10,3
2024-02-29 11:00:00,2024-02-29,13.58,28.35,60.27,1732.152,11,3
2024-02-29 12:00:00,2024-02-29,12.81,36.94,30.17,1679.064,12,3
2024-02-29 13:00:00,2024-02-29,33.7,5.61,73.21,1523.64,13,3
2024-02-29 14:00:00,2024-02-29,27.6,9.77,45.64,1471.572,14,3
2024-02-29 15:00:00,2024-02-29,27.11,28.87,52.68,1649.952,15,3
2024-02-29 16:00:00,2024-02-29,30.68,9.62,45.78,1796.04,16,3
2024-02-29 17:00:00,2024-02-29,7.02,8.03,40.08,1753.2359999999999,17,3
2024-02-29 18:00:00,2024-02-29,31.57,11.79,47.62,1808.568,18,3
2024-02-29 19:00:00,2024-02-29,6.61,10.95,61.27,1443.744,19,3
2024-02-29 20:00:00,2024-02-29,31.29,8.47,35.99,1638.5040000000001,20,3
2024-02-29 21:00:00,2024-02-29,20.17,13.86,40.24,1562.2079999999999,21,3
2024-02-29 22:00:00,2024-02-29,13.54,9.87,51.7,1875.6239999999998,22,3
2024-02-29 23:00:00,2024-02-29,19.37,29.55,58.26,1411.0199999999998,23,3
